url,warc_file,warc_record_offset,warc_record_length,warc_content_length,http_content_length,payload_length,http_orig_content_length,http_orig_content_encoding,http_orig_transfer_encoding,truncated_reason,http_content_type,identified_payload_type
http://addaonline.in/wp-content/uploads/2017/12/ADDADGPEDN-62-1718.pdf,CC-MAIN-20181015080248-20181015101748-00033.warc.gz,9229410,1026086,1048958,1048576,1048576,1269446,"","",length,application/pdf,application/pdf
http://admin3.cyut.edu.tw/course/course1041.php,CC-MAIN-20181015080248-20181015101748-00033.warc.gz,10457263,56786,1048966,-1,1048576,-1,"",chunked,length,text/html,text/html
http://adult-porno-videoufu-e395.adyghe-language.info/sitemap/sitemap.xml?t=11,CC-MAIN-20181015080248-20181015101748-00033.warc.gz,10808328,40767,1048889,-1,1048576,-1,gzip,chunked,"",text/xml,application/xml
http://afri-love.typepad.com/.a/6a013483832c3b970c01a511ea16e2970c-pi,CC-MAIN-20181015080248-20181015101748-00033.warc.gz,11640522,1049355,1049236,1048576,1048576,1135545,"","",length,image/jpeg,image/jpeg
http://afrodad.org/index.php/center-of-excellence/research/domestic-resource-mobilization/2017?download=58:capacity-development-efforts-in-iffs,CC-MAIN-20181015080248-20181015101748-00033.warc.gz,12740660,963306,1049274,1048576,1048576,2696918,"","","",application/pdf,application/pdf
http://afrodad.org/index.php/news-2/press-room?download=172:c20-communique,CC-MAIN-20181015080248-20181015101748-00033.warc.gz,13704769,1047788,1049259,1048576,1048576,8470000,"","","",application/pdf,application/pdf
http://agrimetal.com/wp-content/uploads/2017/04/GRATTE-%C3%80-NEIGE-MAX-PRO-JOHN-DEERE-3R-6-10-B2016-5.pdf,CC-MAIN-20181015080248-20181015101748-00033.warc.gz,15827603,1041269,1048879,1048576,1048576,1301931,"","",length,application/pdf,application/pdf
http://alnajafi.ir/android/alarao-ahfeghheiyeh/4_6037334050794897618.ghm,CC-MAIN-20181015080248-20181015101748-00033.warc.gz,20697234,1049686,1048832,1048576,1048576,7431360,"","",length,"",application/octet-stream
http://appgd88.com/pemain/download/android/pemain.apk,CC-MAIN-20181015080248-20181015101748-00033.warc.gz,26264434,1026545,1048958,1048576,1048576,16760091,"","",length,application/vnd.android.package-archive,application/vnd.android.package-archive
http://asiantaekwondounion.org/index.php?document_srl=1117&act=dispMemberLoginForm&mid=Notice,CC-MAIN-20181015080248-20181015101748-00033.warc.gz,31941380,5799,27080,26412,26412,5059,gzip,"",disconnect,text/html; charset=UTF-8,text/html
http://asiantaekwondounion.org/index.php?document_srl=2022&act=dispMemberLoginForm&mid=Photo,CC-MAIN-20181015080248-20181015101748-00033.warc.gz,31948125,6196,30013,29345,29345,5463,gzip,"",disconnect,text/html; charset=UTF-8,text/html
http://atmo-fund.ru/index.php?view=image&format=raw&id=1445&download=1&type=orig&option=com_joomgallery&Itemid=12,CC-MAIN-20181015080248-20181015101748-00033.warc.gz,33525308,1049776,1049179,-1,1048576,-1,"",chunked,length,image/jpeg; charset=utf-8,image/jpeg
http://auto.lnd.com.cn/1909/price.html,CC-MAIN-20181015080248-20181015101748-00033.warc.gz,35487265,5592,22159,21816,21816,20711,gzip,"",disconnect,text/html;charset=utf-8,text/html
http://belenkoblog.ru/wp-content/uploads/2017/12/DSC_0071-1.jpg,CC-MAIN-20181015080248-20181015101748-00033.warc.gz,43731877,1046155,1048963,1048576,1048576,3000382,"","",length,image/jpeg,image/jpeg
http://bestonlinebroker.co/?tag=%23Investorseurope&tag=Brazil+anti-corruption+division&tag=Curraghinalt+gold&tag=climate+change&tag=European+commission&tag=Gem+Diamonds+Ltd,CC-MAIN-20181015080248-20181015101748-00033.warc.gz,45831400,47973,1049166,-1,1048576,-1,gzip,chunked,"",text/html;charset=UTF-8,application/xhtml+xml
http://bestonlinebroker.co/?tag=%23Stock+Markets&tag=Aluminium+mining&tag=Antofagasta+plc&tag=price+of+oil&tag=Atlatsa+Resources&tag=Diamond+price&tag=Beatrix+West+gold+mine&tag=Chinese+coal+power,CC-MAIN-20181015080248-20181015101748-00033.warc.gz,45880394,45816,1049166,-1,1048576,-1,gzip,chunked,"",text/html;charset=UTF-8,application/xhtml+xml
http://bestonlinebroker.co/?tag=ADM+shares&tag=assistant+to+the+president&tag=Diesel+and+jet+fuel&tag=Investor+capital&tag=EIA+inventory+data,CC-MAIN-20181015080248-20181015101748-00033.warc.gz,45927214,49979,1049166,-1,1048576,-1,gzip,chunked,"",text/html;charset=UTF-8,application/xhtml+xml
http://bestonlinebroker.co/?tag=Adam+Bowles&tag=Aluminium+prices&tag=S%26P+Global+Platts&tag=Bonfire&tag=KBR&tag=Federal+Energy+Regulatory+Commission,CC-MAIN-20181015080248-20181015101748-00033.warc.gz,45978171,49086,1049166,-1,1048576,-1,gzip,chunked,"",text/html;charset=UTF-8,application/xhtml+xml
http://bestonlinebroker.co/?tag=Atlatsa+Resources&tag=Andone&tag=power+plants&tag=Hilary+Clinton&tag=GBX&tag=AngloGold,CC-MAIN-20181015080248-20181015101748-00033.warc.gz,46028220,51478,1049166,-1,1048576,-1,gzip,chunked,"",text/html;charset=UTF-8,application/xhtml+xml
http://bip.gminazlota.pl/pliki/kontrolazarzadcza15.pdf,CC-MAIN-20181015080248-20181015101748-00033.warc.gz,49481107,879314,1048863,1048576,1048576,3055950,"","",length,application/pdf,application/pdf
http://cc-golfedesainttropez.fr/images/Kiosque/Institutionnel/RA_SPANC_2017.pdf,CC-MAIN-20181015080248-20181015101748-00033.warc.gz,64516182,948036,1049066,1048576,1048576,1052502,"","",length,application/pdf,application/pdf
http://ceepcb.com/h-nd-49.html,CC-MAIN-20181015080248-20181015101748-00033.warc.gz,66194366,26757,136754,-1,136113,-1,gzip,chunked,disconnect,text/html; charset=UTF-8,application/xhtml+xml
http://collections.cinematheque.qc.ca/recherche/multi?q%5B0%5D=%22saint%22&form_operator%5B0%5D=+&form_field%5B0%5D=%2A&core=photos-et-affiches&fq%5B0%5D=DescripteursNom_facet:%22Andr%C3%A9+P%C3%A2quet%22&fq%5B1%5D=Artisan_facet:%22Guy+Saint-Denis%22&page=1,CC-MAIN-20181015080248-20181015101748-00033.warc.gz,77345592,73858,1049328,-1,1048576,-1,"",chunked,length,text/html; charset=UTF-8,text/html
http://contents.kocw.net/document/03_00.pdf,CC-MAIN-20181015080248-20181015101748-00033.warc.gz,80579131,1034739,1048844,1048576,1048576,1736437,"","","",application/pdf,application/pdf
http://cstor.com/wp-content/uploads/2017/03/cStor-DRaaS.pdf,CC-MAIN-20181015080248-20181015101748-00033.warc.gz,84789015,1015644,1048942,-1,1048576,-1,gzip,chunked,"",application/pdf,application/pdf
http://dafeng.js.cn/dfgk/lyzx/248302.shtml,CC-MAIN-20181015080248-20181015101748-00033.warc.gz,87668520,790732,1048767,1048576,1048576,1146771,"","",length,text/html,application/xhtml+xml
http://ddell.kr/shop/shopdetail.html?branduid=1322894&xcode=025&mcode=001&scode=&type=Y&sort=manual&cur_code=025001&GfDT=bm96W11E,CC-MAIN-20181015080248-20181015101748-00033.warc.gz,90807694,21315,1049257,-1,1048576,-1,gzip,chunked,"",text/html,text/html
http://desphotospleinlesyeux.melaniebeuf.com/tag/ancolie/,CC-MAIN-20181015080248-20181015101748-00033.warc.gz,93557351,59215,1048944,-1,1048576,-1,gzip,chunked,"",text/html; charset=UTF-8,text/html
http://detskezoubky.cz/dl6b4108/,CC-MAIN-20181015080248-20181015101748-00033.warc.gz,94400631,213533,1048927,-1,1048576,-1,gzip,chunked,"",text/html; charset=UTF-8,text/html
http://diorama-clervaux.com/Pictures/opderHohEN.pdf,CC-MAIN-20181015080248-20181015101748-00033.warc.gz,97081850,1047348,1048841,1048576,1048576,7682966,"","",length,application/pdf,application/pdf
http://domakva.ru/tag/%D0%BA%D0%B0%D1%80%D0%BA%D0%B0%D1%81%D0%BD%D1%8B%D0%B9.html,CC-MAIN-20181015080248-20181015101748-00033.warc.gz,101808264,7192,24047,-1,23364,-1,gzip,chunked,disconnect,text/html; charset=utf-8,application/xhtml+xml
http://download.cdn.mozilla.net/pub/firefox/releases/3.6.13/win32/nl/Firefox%20Setup%203.6.13.exe,CC-MAIN-20181015080248-20181015101748-00033.warc.gz,102951802,1036269,1049248,1048576,1048576,9257568,"","",length,application/x-msdownload,application/x-dosexec
http://downtown.kaleideum.org/wp-content/uploads/sites/3/2017/04/visual-schedule-with-The-Prop-Shop.pdf,CC-MAIN-20181015080248-20181015101748-00033.warc.gz,104064472,1021981,1048940,1048576,1048576,1077745,"","",length,application/pdf,application/pdf
http://ds43.nevinsk.ru/wp-content/uploads/2013/06/IMG_00671.jpg,CC-MAIN-20181015080248-20181015101748-00033.warc.gz,105955838,1031901,1049030,1048576,1048576,7527294,"","",length,image/jpeg,image/jpeg
http://dungeonmorphs.com/battlemats/cavernj2.pdf,CC-MAIN-20181015080248-20181015101748-00033.warc.gz,107550834,802296,1048981,1048576,1048576,5350235,"","",length,application/pdf,application/pdf
http://el-atril.com/partituras/Haydn/String%20Quartets/Op1a3pts.pdf,CC-MAIN-20181015080248-20181015101748-00033.warc.gz,115380660,981350,1048885,1048576,1048576,3964835,"","",length,application/pdf,application/pdf
http://eldoninc.eu/Scales/Algem%20Floor%20platforms%202015.pdf,CC-MAIN-20181015080248-20181015101748-00033.warc.gz,117154682,1000355,1048923,1048576,1048576,4800606,"","",length,application/pdf,application/pdf
http://en.blitzortung.org/Compendium/Documentations/Documentation_2014-05-11_Red_PCB_10.4_PCB_12.3_PCB_13.1_PCB_14.1.pdf?1531406071,CC-MAIN-20181015080248-20181015101748-00033.warc.gz,120362443,1004913,1048838,1048576,1048576,10851039,"","",length,application/pdf,application/pdf
http://ene.mn/index.php?newsid=22,CC-MAIN-20181015080248-20181015101748-00033.warc.gz,121814925,16155,73709,-1,73179,-1,gzip,chunked,disconnect,text/html; charset=UTF-8,text/html
http://esperer-95.org/wp-content/uploads/2016_09-Bulletin-Info-SIAO95.pdf,CC-MAIN-20181015080248-20181015101748-00033.warc.gz,125461487,994041,1049063,1048576,1048576,1646399,"","",length,application/pdf,application/pdf
http://exploracionovni.com/2011/11/exopolitica-y-diplomacia-galactica/,CC-MAIN-20181015080248-20181015101748-00033.warc.gz,128776218,34343,200663,-1,200050,-1,gzip,chunked,disconnect,text/html; charset=UTF-8,text/html
http://facetofacenyc.com/Quick_ER_Quotes.pdf,CC-MAIN-20181015080248-20181015101748-00033.warc.gz,129645595,851587,1048863,1048576,1048576,2408030,"","",length,application/pdf,application/pdf
http://febras.ru/niso/2017.html?view=archive&month=8,CC-MAIN-20181015080248-20181015101748-00033.warc.gz,133099391,16287,62338,-1,61871,-1,gzip,chunked,disconnect,text/html; charset=utf-8,application/xhtml+xml
http://filema.ir/tag/%D8%A8%D8%B1%D9%82,CC-MAIN-20181015080248-20181015101748-00033.warc.gz,134402065,180341,1048937,-1,1048576,-1,gzip,chunked,"",text/html; charset=utf-8,application/xhtml+xml
http://filema.ir/tag/%D8%B9%D9%85%D9%84%DA%A9%D8%B1%D8%AF-%D8%AA%D8%AD%D8%B5%DB%8C%D9%84%DB%8C,CC-MAIN-20181015080248-20181015101748-00033.warc.gz,134583278,140316,1048937,-1,1048576,-1,gzip,chunked,"",text/html; charset=utf-8,application/xhtml+xml
http://filema.ir/tag/%DA%AF%D9%84%D8%B3%D8%AA%D8%A7%D9%86,CC-MAIN-20181015080248-20181015101748-00033.warc.gz,134724475,144191,1048937,-1,1048576,-1,gzip,chunked,"",text/html; charset=utf-8,application/xhtml+xml
http://fn-ig.de/gaestebuch/index.php?offset=20071,CC-MAIN-20181015080248-20181015101748-00033.warc.gz,138306116,99216,1048818,-1,1048576,-1,gzip,chunked,"",text/html,application/xhtml+xml
http://forestburgh.net/wp-content/uploads/2018/08/August-Newsletter.pdf,CC-MAIN-20181015080248-20181015101748-00033.warc.gz,139285833,906054,1048863,1048576,1048576,1773691,"","",length,application/pdf,application/pdf
http://foxsheets.com/Portals/0/BowlGuide/2015-16_PlatinumSheet_15bvrf.pdf,CC-MAIN-20181015080248-20181015101748-00033.warc.gz,146541799,803258,1048975,1048576,1048576,1742832,"","",length,application/pdf,application/pdf
http://fsc-jp.net/files/uploads/aXes_flyer.pdf,CC-MAIN-20181015080248-20181015101748-00033.warc.gz,149472830,877943,1048874,1048576,1048576,2242101,"","",length,application/pdf,application/pdf
http://funepu.com.br/docs/contratos/contrato-n-33-2017.pdf,CC-MAIN-20181015080248-20181015101748-00033.warc.gz,150943821,795004,1048864,1048576,1048576,2251937,"","",length,application/pdf,application/pdf
http://gossiponthis.com/2018/06/08/nancy-putkoski-wiki-bio-anthony-bourdain-1st-wife-photos-net-worth/,CC-MAIN-20181015080248-20181015101748-00033.warc.gz,161021083,139708,1048956,-1,1048576,-1,gzip,chunked,"",text/html; charset=UTF-8,text/html
http://gosurburo93.ru/category/news/28-iyunya-2018-goda-proveden-vyezdnoy-priem-v-upravlenii-semi-i-detstva-munitsipalnogo-obrazovaniya-/,CC-MAIN-20181015080248-20181015101748-00033.warc.gz,161161771,5723,17983,17254,17254,6540,gzip,"",disconnect,text/html; charset=UTF-8,text/html
http://ha-so.de/downloads/schraubzwingen.pdf,CC-MAIN-20181015080248-20181015101748-00033.warc.gz,165306874,1049665,1048885,1048576,1048576,5700780,"","",length,application/pdf,application/pdf
http://hatoyamamachi.blog.fc2.com/blog-entry-505.html,CC-MAIN-20181015080248-20181015101748-00033.warc.gz,168735815,70086,1049052,-1,1048576,-1,gzip,chunked,"",text/html;charset=utf-8,application/xhtml+xml
http://horizon.documentation.ird.fr/exl-doc/pleins_textes/pleins_textes_7/divers2/38575.pdf,CC-MAIN-20181015080248-20181015101748-00033.warc.gz,174548427,1019489,1048924,1048576,1048576,1363836,"","",length,application/pdf,application/pdf
http://ina.gob.ar/legacy/pdf/Cra_6_Mirabile.pdf,CC-MAIN-20181015080248-20181015101748-00033.warc.gz,183296407,837545,1048909,1048576,1048576,1163616,"","",length,application/pdf,application/pdf
http://indiside.com/index.php?mid=user_graphic&document_srl=1446485&sort_index=regdate&order_type=desc,CC-MAIN-20181015080248-20181015101748-00033.warc.gz,187125317,14436,69851,-1,69197,-1,gzip,chunked,disconnect,text/html; charset=UTF-8,text/html
http://insp.gov.cv/index.php/observatorio-saude/condicoes-e-determinantes-da-saude/82-dados-sobre-o-municipio-de-r-brava-sn/file,CC-MAIN-20181015080248-20181015101748-00033.warc.gz,189399647,1035953,1049351,1048576,1048576,1489389,"","",length,application/pdf; charset=utf-8,application/pdf
http://investorhouse.ru/projects-of-cottages/cottage-108/22.php,CC-MAIN-20181015080248-20181015101748-00033.warc.gz,191303019,8992,44540,-1,43752,-1,gzip,chunked,disconnect,text/html; charset=windows-1251,text/html
http://investorseurope.technology/?tag=Android+Marshmallow+devices&tag=1999&tag=%23human+civilization&tag=%23Exxon&tag=%23mining&tag=%23Consequences&tag=%23Flash&tag=%23protection,CC-MAIN-20181015080248-20181015101748-00033.warc.gz,191319443,42321,1049166,-1,1048576,-1,gzip,chunked,"",text/html;charset=UTF-8,application/xhtml+xml
http://investorseurope.technology/?tag=NAS&tag=%23Koncart&tag=%23Parabon+Snapshot&tag=%23Tez&tag=%23frictionless&tag=%23mobile+communications+market,CC-MAIN-20181015080248-20181015101748-00033.warc.gz,191362746,43145,1049166,-1,1048576,-1,gzip,chunked,"",text/html;charset=UTF-8,application/xhtml+xml
http://investorseurope.technology/?tag=NAS&tag=brands&tag=%23next+generation&tag=%23Google+Glass&tag=%23collapse&tag=%23SoftBank,CC-MAIN-20181015080248-20181015101748-00033.warc.gz,191406848,44688,1049166,-1,1048576,-1,gzip,chunked,"",text/html;charset=UTF-8,application/xhtml+xml
http://investorseurope.technology/?tag=blink&tag=%23record&tag=%23archaeology&tag=%23rogue&tag=%23speculation&tag=%23attacks,CC-MAIN-20181015080248-20181015101748-00033.warc.gz,191452472,44821,1049166,-1,1048576,-1,gzip,chunked,"",text/html;charset=UTF-8,application/xhtml+xml
http://investorseurope.technology/?tag=car+technology&tag=%23IT+Systems&tag=%23attract+customers&tag=%23politics&tag=%23Onfido,CC-MAIN-20181015080248-20181015101748-00033.warc.gz,191498220,44897,1049166,-1,1048576,-1,gzip,chunked,"",text/html;charset=UTF-8,application/xhtml+xml
http://investorseurope.technology/?tag=google+crome&tag=%23FAce+ID&tag=%23gold+rush,CC-MAIN-20181015080248-20181015101748-00033.warc.gz,191544033,49155,1049166,-1,1048576,-1,gzip,chunked,"",text/html;charset=UTF-8,application/xhtml+xml
http://investorseurope.technology/?tag=host&tag=%23cybersecurity&tag=%23technology+failure&tag=%23developers,CC-MAIN-20181015080248-20181015101748-00033.warc.gz,191594097,46320,1049166,-1,1048576,-1,gzip,chunked,"",text/html;charset=UTF-8,application/xhtml+xml
http://investorseurope.technology/?tag=jim+wicks&tag=%23expert+systems&tag=%23connect&tag=%23Maybank&tag=%23biologists&tag=%23genuine&tag=%23Lattice&tag=%23polymers,CC-MAIN-20181015080248-20181015101748-00033.warc.gz,191641359,43056,1049166,-1,1048576,-1,gzip,chunked,"",text/html;charset=UTF-8,application/xhtml+xml
http://investorseurope.technology/?tag=jim+wicks&tag=%23mobile+communications+market&tag=%23disruptive+banking+solution&tag=%23animals&tag=%23machine&tag=%23Israel&tag=%23accesssible&tag=%23automaker,CC-MAIN-20181015080248-20181015101748-00033.warc.gz,191685408,40992,1049166,-1,1048576,-1,gzip,chunked,"",text/html;charset=UTF-8,application/xhtml+xml
http://investorseurope.technology/?tag=maintool&tag=authenticator&tag=%23techpreneurs&tag=%23Diversity&tag=%23Camden&tag=%23Night+Vision&tag=%23Nefrids+Africa,CC-MAIN-20181015080248-20181015101748-00033.warc.gz,191727395,42798,1049166,-1,1048576,-1,gzip,chunked,"",text/html;charset=UTF-8,application/xhtml+xml
http://investorseurope.technology/?tag=new+look&tag=500+px&tag=%23buying&tag=%23Switzerland,CC-MAIN-20181015080248-20181015101748-00033.warc.gz,191771137,48014,1049166,-1,1048576,-1,gzip,chunked,"",text/html;charset=UTF-8,application/xhtml+xml
http://investorseurope.technology/?tag=octoputin&tag=%23battery&tag=%23sense&tag=%23prediction,CC-MAIN-20181015080248-20181015101748-00033.warc.gz,191820057,47467,1049166,-1,1048576,-1,gzip,chunked,"",text/html;charset=UTF-8,application/xhtml+xml
http://investorsstocks.com/?&tag=DoJ&tag=Employees+International+Union&tag=Atlantic+Ocean,CC-MAIN-20181015080248-20181015101748-00033.warc.gz,191868464,61060,1049166,-1,1048576,-1,gzip,chunked,"",text/html;charset=UTF-8,application/xhtml+xml
http://inzect-sajjt-porno-vidmmw-y817.adyghe-language.info/sitemap/sitemap.xml?t=22,CC-MAIN-20181015080248-20181015101748-00033.warc.gz,192015343,31033,1048889,-1,1048576,-1,gzip,chunked,"",text/xml,application/xml
http://irc3.aist.go.jp/news/page/6/,CC-MAIN-20181015080248-20181015101748-00033.warc.gz,192557150,5255,16841,16427,16427,4638,gzip,"",disconnect,text/html; charset=UTF-8,application/xhtml+xml
http://irc3.aist.go.jp/organization/%E7%A0%94%E7%A9%B6%E3%82%BB%E3%83%B3%E3%82%BF%E3%83%BC%E9%95%B7/%E9%98%AA%E5%A4%A7%E3%82%AF%E3%83%AD%E3%82%B9%E3%82%A2%E3%83%9D%E3%82%A4%E3%83%B3%E3%83%88-%E7%9C%9F%E5%B3%B6%E3%80%80%E5%92%8C%E5%BF%97/,CC-MAIN-20181015080248-20181015101748-00033.warc.gz,192563400,4340,13066,12596,12596,3597,gzip,"",disconnect,text/html; charset=UTF-8,application/xhtml+xml
http://jusd.k12.ca.us/our-district/edserv/accountability/LCFFandLCAP/Documents/LCAP%20Template%202018%2007.02.18%20Final.pdf,CC-MAIN-20181015080248-20181015101748-00033.warc.gz,202886099,1013407,1049380,1048576,1048576,1508126,"","",length,application/pdf,application/pdf
http://kanegen.net/style_coat/001.pdf,CC-MAIN-20181015080248-20181015101748-00033.warc.gz,205803985,1049311,1048894,1048576,1048576,1666231,"","",length,application/pdf,application/pdf
http://kidanlog.com/archives/8874,CC-MAIN-20181015080248-20181015101748-00033.warc.gz,211296328,156410,1048927,-1,1048576,-1,gzip,chunked,"",text/html; charset=UTF-8,application/xhtml+xml
http://kishi-hiroyasu.com/column/2015%E5%B9%B412%E6%9C%88-%E6%94%BB%E6%92%83%E5%86%8D%E9%96%8B%E3%81%AE%E3%82%A8%E3%83%B3%E3%82%B8%E3%83%B3/,CC-MAIN-20181015080248-20181015101748-00033.warc.gz,212433162,131853,1048972,-1,1048576,-1,gzip,chunked,"",text/html; charset=UTF-8,text/html
http://krasnokamsk.ru/upload/pages/20675/dat_1529580496334.pdf,CC-MAIN-20181015080248-20181015101748-00033.warc.gz,215544687,971765,1048917,1048576,1048576,2737980,"","",length,application/pdf,application/pdf
http://kspto.ru/documents/2016-12-27_Sbornik.pdf,CC-MAIN-20181015080248-20181015101748-00033.warc.gz,217308366,1000753,1048920,1048576,1048576,1145844,"","","",application/pdf,application/pdf
http://kswedm.com/ks/ks2disk.rar,CC-MAIN-20181015080248-20181015101748-00033.warc.gz,218340465,1043171,1048878,1048576,1048576,10447568,"","",length,application/octet-stream,application/x-rar-compressed
http://latunera.es/wp-content/uploads/2018/08/Programa-Fiestas-Lodero-2018.pdf,CC-MAIN-20181015080248-20181015101748-00033.warc.gz,223947848,977824,1048957,1048576,1048576,1210915,"","",length,application/pdf,application/pdf
http://lc.273.cn/tt/,CC-MAIN-20181015080248-20181015101748-00033.warc.gz,225251905,22289,164607,-1,164416,-1,gzip,chunked,disconnect,text/html,application/xhtml+xml
http://lecentredelapresse.com/site/sousmenus/REPORTAIR2012-3.pdf,CC-MAIN-20181015080248-20181015101748-00033.warc.gz,225610293,1014699,1048923,1048576,1048576,1074312,"","",length,application/pdf,application/pdf
http://lexicometrica.univ-paris3.fr/livre/st94/STU8DISCRIM.pdf,CC-MAIN-20181015080248-20181015101748-00033.warc.gz,228662547,1019544,1048900,1048576,1048576,2311927,"","",length,application/pdf,application/pdf
http://lhbconline.com/wp-content/Ronnie-&-Diane-Bijeaux/10LCCD2-4.mp3,CC-MAIN-20181015080248-20181015101748-00033.warc.gz,230004401,1025159,1048858,1048576,1048576,7210112,"","",length,audio/mpeg,audio/mpeg
http://maddog10k.co.uk/index_htm_files/Mad%20Dog%2010k%202015%20Results%20Updated%2010-02-15.pdf,CC-MAIN-20181015080248-20181015101748-00033.warc.gz,242313849,966870,1048899,1048576,1048576,2124901,"","",length,application/pdf,application/pdf
http://mall.jd.com/view_search-410871-5097845-99-1-24-1.html,CC-MAIN-20181015080248-20181015101748-00033.warc.gz,245048408,15751,57198,56799,56799,15105,gzip,"",disconnect,text/html; charset=utf-8,text/html
http://mbs02.ru/shop/zapchasti-dlya-stiralnykh-mashin/ruchki-lyuka-petli-kryuchki-stekla-lyuka/ruchka-lyuka-na-sma-vestel,CC-MAIN-20181015080248-20181015101748-00033.warc.gz,249109353,44819,322506,-1,322157,-1,gzip,chunked,disconnect,text/html; charset=utf-8,text/html
http://mcclainsfoodmarket.com/assets/9-21-16-pdf.pdf,CC-MAIN-20181015080248-20181015101748-00033.warc.gz,249248036,1014807,1048943,-1,1048576,-1,gzip,chunked,"",application/pdf,application/pdf
http://med-ina.org/Portals/0/Uploads/Tunis%20workshop%20presentations/12%20Cultural%20conservation%20Practices%20in%20North%20Africa_Mzoughi.pdf,CC-MAIN-20181015080248-20181015101748-00033.warc.gz,252349420,1022528,1048868,1048576,1048576,2606254,"","","",application/pdf,application/pdf
http://melitensiawth.nl/index/Malta%20Letteraria/ML.n.s.%2C%2009%281934%29/15s.pdf,CC-MAIN-20181015080248-20181015101748-00033.warc.gz,254572514,1046499,1048934,1048576,1048576,1903811,"","",length,application/pdf,application/pdf
http://mikehammer.com/wordpress/2013/07/treatment-schedule-final-week/,CC-MAIN-20181015080248-20181015101748-00033.warc.gz,257983156,172430,1048912,-1,1048576,-1,"",chunked,length,text/html; charset=UTF-8,text/html
http://modelhealthkitchen.com/wp-content/uploads/2018/07/bacon-sarnie-2.jpg,CC-MAIN-20181015080248-20181015101748-00033.warc.gz,262844730,1048078,1048952,1048576,1048576,1966374,"","",length,image/jpeg,image/jpeg
http://mqi3ew.highxlow.com/,CC-MAIN-20181015080248-20181015101748-00033.warc.gz,267865772,130690,1048818,1048576,1048576,263028,gzip,"","",text/html; charset=GB2312,application/xhtml+xml
http://mrplastic.com/pdf/trophies.pdf,CC-MAIN-20181015080248-20181015101748-00033.warc.gz,268145325,1000497,1048863,1048576,1048576,5525121,"","",length,application/pdf,application/pdf
http://mtda.hu/books/gyarfas_elemer_erdelyi_problemak.pdf,CC-MAIN-20181015080248-20181015101748-00033.warc.gz,269623293,962954,1048963,-1,1048576,-1,gzip,chunked,"",application/pdf,application/pdf
http://nagasaki-chosashi.net/kaihou/grp/66.pdf,CC-MAIN-20181015080248-20181015101748-00033.warc.gz,276184613,899551,1048866,-1,1048576,-1,gzip,chunked,"",application/pdf,application/pdf
http://newnews.in.ua/v-rossii-zagovorili-o-bolshoj-vojne/,CC-MAIN-20181015080248-20181015101748-00033.warc.gz,280268536,16113,62712,-1,62375,-1,gzip,chunked,disconnect,text/html; charset=UTF-8,text/html
http://nongthonmoi.bentre.gov.vn/documents/10180/12347/Q%C4%90+Ki%E1%BB%87n+to%C3%A0n+BBT+C%E1%BB%95ng+Th%C3%B4ng+tin+%C4%91i%E1%BB%87n+t%E1%BB%AD+N%C3%B4ng+th%C3%B4n+m%E1%BB%9Bi.pdf/89026928-177d-4a70-97e1-b21478eb4d18?version=1.0,CC-MAIN-20181015080248-20181015101748-00033.warc.gz,284805506,1048988,1049153,-1,1048576,-1,"",chunked,"",application/pdf,application/pdf
http://nostalgicclub.se/images/Norberg/Olle.avi,CC-MAIN-20181015080248-20181015101748-00033.warc.gz,286606382,1010593,1048923,1048576,1048576,5868692,"","",length,video/x-msvideo,video/x-msvideo
"http://nowy.esbank.pl/uploads/attachments/_ESBANK%20z%20bliska,%20nr%2023%20(2014)%20%5BPDF,%209,44%20MB%5D.pdf",CC-MAIN-20181015080248-20181015101748-00033.warc.gz,288408036,986629,1048825,1048576,1048576,9904834,"","",length,application/pdf,application/pdf
http://nymag.com/intelligencer/2015/10/massive-fire-swallows-empty-building-in-chelsea.html?gtm=bottom&gtm=bottom,CC-MAIN-20181015080248-20181015101748-00033.warc.gz,291661206,484924,1049523,1048576,1048576,546755,gzip,"","",text/html; charset=utf-8,text/html
http://oikawahp.net/news/pdf/pdf00000029.pdf,CC-MAIN-20181015080248-20181015101748-00033.warc.gz,293995845,1006916,1049025,1048576,1048576,2022254,"","",length,application/pdf,application/pdf
http://ostffyasszonyfa.hu/.viwo/users/content/2016/01/ostffyasszonyfatelepulestortenetioklevelei_ti.pdf?dl=true,CC-MAIN-20181015080248-20181015101748-00033.warc.gz,298772886,1046321,1048879,1048576,1048576,2173997,"","",length,application/pdf,application/pdf
http://ozsoypres.com/img/509.03.bmp,CC-MAIN-20181015080248-20181015101748-00033.warc.gz,300896052,7982,1048862,1048576,1048576,1831286,"","",length,image/bmp,image/bmp
http://persiangrand.com/tag/%D8%A2%D9%87%D9%86%DA%AF-%D8%AC%D8%AF%DB%8C%D8%AF-%D8%B0%D8%BA%D8%A7%D9%84-%DA%86%DB%8C/,CC-MAIN-20181015080248-20181015101748-00033.warc.gz,306987903,110308,1049553,-1,1048576,-1,gzip,chunked,"",text/html; charset=UTF-8,text/html
http://pescheri-mira.ru/karstovie-peshcheri/58-peshchera-orlov-proval.html,CC-MAIN-20181015080248-20181015101748-00033.warc.gz,307231974,7815,35042,34460,34460,7468,gzip,"",disconnect,text/html; charset=utf-8,text/html
http://pilot-rc.ru/f/instruktsiya-giroskuter-smart-balance.pdf,CC-MAIN-20181015080248-20181015101748-00033.warc.gz,309819067,1005570,1048879,1048576,1048576,1542669,"","",length,application/pdf,application/pdf
http://podcast.noisia.nl/download.php?filename=2018-09-26_noisia_radio_s04e39.mp3,CC-MAIN-20181015080248-20181015101748-00033.warc.gz,312817985,1016451,1049001,1048576,1048576,86724356,"","",length,audio/mpeg,audio/mpeg
http://pro-enteceast.de/mediapool/46/467806/data/Fischabwasser_Info_D.pdf,CC-MAIN-20181015080248-20181015101748-00033.warc.gz,319434676,959480,1048907,1048576,1048576,3939450,"","",length,application/pdf,application/pdf
http://pro-vega.ru/press/fire/obzor2018/20180701_obzor.pdf,CC-MAIN-20181015080248-20181015101748-00033.warc.gz,320424767,1047145,1048896,1048576,1048576,1214999,"","",length,application/pdf,application/pdf
http://ru.ototrim.com.tr/urunler/sertifika/buyuk/9001tr.jpg,CC-MAIN-20181015080248-20181015101748-00033.warc.gz,339263514,955203,1048893,1048576,1048576,1110076,"","","",image/jpeg,image/jpeg
http://rus-trakh-poslecau-q867.adyghe-language.info/sitemap/sitemap.xml?t=1,CC-MAIN-20181015080248-20181015101748-00033.warc.gz,340960653,42423,1048889,-1,1048576,-1,gzip,chunked,"",text/xml,application/xml
http://ruscombroker.ru/kernel/files/docs/raschet%20ss%2029.02.2016.pdf,CC-MAIN-20181015080248-20181015101748-00033.warc.gz,341037605,871275,1048963,1048576,1048576,2454530,"","",length,application/pdf,application/pdf
http://sail-seychelles.com/stock/bateaux/Sailfishing_Nautitech_44_Horus_F_E.pdf,CC-MAIN-20181015080248-20181015101748-00033.warc.gz,343771989,1016219,1048895,1048576,1048576,1121471,"","",length,application/pdf,application/pdf
http://sancarloscity.gov.ph/sccweb/tribute/Tribute%2012.1web.pdf,CC-MAIN-20181015080248-20181015101748-00033.warc.gz,346836156,918410,1048939,1048576,1048576,1847638,"","",length,application/pdf,application/pdf
http://sansorha.ir/tag/%D8%AF%D8%A7%D9%86%D9%84%D9%88%D8%AF-%D8%AF%D9%88%D8%A8%D9%84%D9%87-%D9%81%D8%A7%D8%B1%D8%B3%DB%8C-resident-evil-vendetta-2017/,CC-MAIN-20181015080248-20181015101748-00033.warc.gz,347972501,82896,1049005,-1,1048576,-1,gzip,chunked,"",text/html; charset=UTF-8,text/html
http://simtube.com/users/MOFO63,CC-MAIN-20181015080248-20181015101748-00033.warc.gz,358490591,3223,9336,-1,8829,-1,gzip,chunked,disconnect,text/html,text/html
http://smotret-devushki-chuhzz-n280.adyghe-language.info/sitemap/sitemap.xml?t=20,CC-MAIN-20181015080248-20181015101748-00033.warc.gz,361324032,37145,1048889,-1,1048576,-1,gzip,chunked,"",text/xml,application/xml
http://socialchance.net/game/rating/viewweek/iuUser_page/1766,CC-MAIN-20181015080248-20181015101748-00033.warc.gz,361916804,82246,1049346,-1,1048576,-1,gzip,chunked,"",text/html; charset=utf-8,text/html
http://specdep.ru/download/38892/21/f688c6998aa2013c04ae0f7486d243d7/,CC-MAIN-20181015080248-20181015101748-00033.warc.gz,364613217,976054,1049589,1048576,1048576,8565533,"","",length,application/pdf,application/pdf
http://sporttur74.ru/safe_tur_school/532/?backurl=%2Fsafe_tur_school%2F532%2F&forgot_password=yes&backurl=%2Fsafe_tur_school%2F532%2F,CC-MAIN-20181015080248-20181015101748-00033.warc.gz,366660288,6563,28484,27847,27847,5899,gzip,"",disconnect,text/html; charset=UTF-8,application/xhtml+xml
http://spravy.vyveska.sk/?&tag=Aletea&tag=Boh&tag=Konferencia+biskupov&tag=akolyt%C3%A1t,CC-MAIN-20181015080248-20181015101748-00033.warc.gz,366745053,57602,1049166,-1,1048576,-1,gzip,chunked,"",text/html;charset=UTF-8,application/xhtml+xml
http://spravy.vyveska.sk/?&tag=Aletea&tag=biskupsk%C3%A9+konferencie&tag=Mons.+Bez%C3%A1k&tag=sestra+Hermana&tag=Holland&tag=J%C3%A1n+Pavol+XXIII.,CC-MAIN-20181015080248-20181015101748-00033.warc.gz,366803672,52576,1049166,-1,1048576,-1,gzip,chunked,"",text/html;charset=UTF-8,application/xhtml+xml
http://spravy.vyveska.sk/?&tag=zlyhania&tag=Fanti%C5%A1ek&tag=sv.+Terezka+z+Lisieux,CC-MAIN-20181015080248-20181015101748-00033.warc.gz,366857266,58820,1049166,-1,1048576,-1,gzip,chunked,"",text/html;charset=UTF-8,application/xhtml+xml
http://spvh.hr/wp-content/uploads/2017/11/Na-peronu-65.pdf,CC-MAIN-20181015080248-20181015101748-00033.warc.gz,367700536,1013473,1048962,1048576,1048576,5266239,"","",length,application/pdf,application/pdf
http://stanprop10.org/pdf/2013_bos_presentation.pdf,CC-MAIN-20181015080248-20181015101748-00033.warc.gz,369759925,989898,1048945,1048576,1048576,7889032,"","",length,application/pdf,application/pdf
http://streaming2.mediawen.com/vp8/53593773.webm,CC-MAIN-20181015080248-20181015101748-00033.warc.gz,374743082,1046886,1048833,1048576,1048576,209373111,"","",length,video/webm,video/webm
http://sudeducation37.fr/spip.php?rubrique140,CC-MAIN-20181015080248-20181015101748-00033.warc.gz,376791459,154971,1050136,-1,1048576,-1,gzip,chunked,"",text/html; charset=utf-8,application/xhtml+xml
http://super-zhjostkijjktm-v274.adyghe-language.info/sitemap/sitemap.xml?t=8,CC-MAIN-20181015080248-20181015101748-00033.warc.gz,377604882,39933,1048889,-1,1048576,-1,gzip,chunked,"",text/xml,application/xml
http://t-pulsa.com/,CC-MAIN-20181015080248-20181015101748-00033.warc.gz,380379912,9020,34113,-1,33628,-1,gzip,chunked,disconnect,text/html; charset=UTF-8,text/html
http://terdenge-onderzoek.nl/wp-content/uploads/2014/03/Rapportage-definitief-10-12-2013.pdf,CC-MAIN-20181015080248-20181015101748-00033.warc.gz,384488235,965485,1048863,1048576,1048576,1183394,"","",length,application/pdf,application/pdf
http://terrasemfronteiras.com/Regional_29_04_2005.pdf,CC-MAIN-20181015080248-20181015101748-00033.warc.gz,385546455,1048604,1048863,1048576,1048576,8542028,"","",length,application/pdf,application/pdf
http://texasforesttrail.com/events/art-storytelling,CC-MAIN-20181015080248-20181015101748-00033.warc.gz,387051463,410997,1049332,-1,1048576,-1,"",chunked,length,text/html; charset=utf-8,text/html
http://texasrainmgmt.com/images/PDFs/CCR-2016/WaterAssociationofNorthLakeCCR2016.pdf,CC-MAIN-20181015080248-20181015101748-00033.warc.gz,387483386,950347,1048885,1048576,1048576,1920613,"","",length,application/pdf,application/pdf
http://thegreen.ir/%D8%AF%D8%A7%D9%86%D9%84%D9%88%D8%AF-%D9%86%D8%B4%D8%B1%DB%8C%D9%87-%D8%B7%D8%B1%D8%A7%D8%AD%DB%8C-%D8%AF%D8%A7%D8%AE%D9%84%DB%8C-(%D8%B1%D8%A7%DB%8C%DA%AF%D8%A7%D9%86).html,CC-MAIN-20181015080248-20181015101748-00033.warc.gz,390142012,745508,1049140,-1,1048576,-1,gzip,chunked,"",text/html; charset=utf-8,text/html
http://themeatbarn.com.au/wp-content/uploads/Premier-speedway-2016-17.pdf,CC-MAIN-20181015080248-20181015101748-00033.warc.gz,391399668,1049178,1048863,1048576,1048576,1954630,"","",length,application/pdf,application/pdf
http://thrussingtonvillage.org/wp-content/uploads/2017/07/Thrussington_NP_Regulation14_Draft_040717.pdf,CC-MAIN-20181015080248-20181015101748-00033.warc.gz,394908906,982611,1048887,1048576,1048576,9506489,"","",length,application/pdf,application/pdf
http://tmchistory.org/tmc_drawings/notebook_db/nb_dwg_id.pdf,CC-MAIN-20181015080248-20181015101748-00033.warc.gz,397695290,983824,1048889,1048576,1048576,9266303,"","",length,application/pdf,application/pdf
http://torrent.islamhouse.com/index.php?page=torrent-details&id=b7f6aebd39683c4f3ef4b2cdad0a0df309e16dce,CC-MAIN-20181015080248-20181015101748-00033.warc.gz,401084791,27630,366467,-1,365884,-1,gzip,chunked,disconnect,text/html,application/xhtml+xml
http://truongphatgroup.vn/lap-dat-lo-quay-vit-hai-chuc-nang-than-gas-850-nhu-the-nao/,CC-MAIN-20181015080248-20181015101748-00033.warc.gz,404531676,124076,1049178,-1,1048576,-1,"",chunked,"",text/html; charset=UTF-8,text/html
http://uccchaplaincy.com/%E5%B1%B1%E5%BD%A2%E7%9C%8C/%E9%AB%98%E7%95%A0%E7%94%BA/,CC-MAIN-20181015080248-20181015101748-00033.warc.gz,407828946,105017,1048832,-1,1048576,-1,gzip,chunked,"",text/html; charset=UTF-8,application/xhtml+xml
http://uscolomiers.athle.fr/asp.net/espaces.html/html.aspx?id=34481,CC-MAIN-20181015080248-20181015101748-00033.warc.gz,411818232,785526,1048906,1048576,1048576,4075356,"","",length,text/html; charset=utf-8,text/html
http://v.pptv.com/show/EicyxLleoQ4HkYso.html,CC-MAIN-20181015080248-20181015101748-00033.warc.gz,414003944,189962,1049137,-1,1048576,-1,gzip,chunked,"",text/html; charset=UTF-8,text/html
http://videosbosteros.com/sitemap-103.xml,CC-MAIN-20181015080248-20181015101748-00033.warc.gz,417400482,83088,1049048,-1,1048576,-1,gzip,chunked,"",text/xml;charset=utf-8,application/xml
http://vorped.com/4-ncaam/2015-2016/team/1127/southeast-missouri-st-redhawks/,CC-MAIN-20181015080248-20181015101748-00033.warc.gz,420308145,17309,1048835,-1,1048576,-1,gzip,chunked,"",text/html; charset=utf-8,text/html
http://walterdorn.net/pdf/Responsibility-to-Protect_ICISS-Report_Dec2001.pdf,CC-MAIN-20181015080248-20181015101748-00033.warc.gz,421469259,1040974,1048893,1048576,1048576,3965486,"","",length,application/pdf,application/pdf
http://weaverpetroleum.com/downloads/products/Accessories/Taco%20Hydronic%20Controls.pdf,CC-MAIN-20181015080248-20181015101748-00033.warc.gz,423870881,792931,1048917,1048576,1048576,1363482,"","",length,application/pdf,application/pdf
http://whosarat.websitetoolbox.com/post/feds-informants-finger-u-s-government-as-drug-trafficker-163286?trail=300,CC-MAIN-20181015080248-20181015101748-00033.warc.gz,428465569,239940,1049588,-1,1048576,-1,gzip,chunked,"",text/html; charset=UTF-8,text/html
http://www-library.univer.kharkov.ua/pages/presentation/chorniy/09112017ch.pdf,CC-MAIN-20181015080248-20181015101748-00033.warc.gz,432773689,1035982,1048897,1048576,1048576,2215011,"","",length,application/pdf,application/pdf
http://www.8lap.ru/section/porody-sobak/1722/,CC-MAIN-20181015080248-20181015101748-00033.warc.gz,436451709,16547,61197,-1,60337,-1,gzip,chunked,disconnect,text/html; charset=UTF-8,application/xhtml+xml
http://www.alhodamag.com/uploads/files/260web.pdf,CC-MAIN-20181015080248-20181015101748-00033.warc.gz,440468675,967489,1048910,1048576,1048576,7072575,"","",length,application/pdf,application/pdf
http://www.bigbearfarmstead.com/?tag=8%E4%B8%8D%E4%B8%AD%E8%B5%94%E5%A4%9A%E5%B0%91,CC-MAIN-20181015080248-20181015101748-00033.warc.gz,451930885,184595,1048918,1048576,1048576,196679,gzip,"","",text/html,application/xhtml+xml
http://www.catch-22sports.com/?tag=%E4%B8%AD%E7%A0%81%E5%A0%82,CC-MAIN-20181015080248-20181015101748-00033.warc.gz,459097740,184045,1048917,1048576,1048576,195886,gzip,"","",text/html,application/xhtml+xml
http://www.catch-22sports.com/?tag=%E9%A6%99%E6%B8%AF%E8%B5%A2%E9%A9%AC%E5%BF%83%E5%BE%97,CC-MAIN-20181015080248-20181015101748-00033.warc.gz,459282556,184072,1048917,1048576,1048576,195886,gzip,"","",text/html,application/xhtml+xml
http://www.city.hofu.yamaguchi.jp/uploaded/attachment/35664.pdf,CC-MAIN-20181015080248-20181015101748-00033.warc.gz,464215074,1025679,1048985,1048576,1048576,8400599,"","",length,application/pdf,application/pdf
http://www.city.kr/fifa/19734629,CC-MAIN-20181015080248-20181015101748-00033.warc.gz,465273849,15389,73848,-1,73233,-1,gzip,chunked,disconnect,text/html; charset=UTF-8,text/html
http://www.city.kr/free/19730414,CC-MAIN-20181015080248-20181015101748-00033.warc.gz,465290092,13631,65457,-1,64842,-1,gzip,chunked,disconnect,text/html; charset=UTF-8,text/html
http://www.cpy.ac.th/calendar.php,CC-MAIN-20181015080248-20181015101748-00033.warc.gz,470369877,8990,50919,50436,50436,12285,gzip,"",disconnect,text/html;charset=utf-8,application/xhtml+xml
http://www.crimetips.org/sitemenu.aspx?P=misc&D=1&ID=655&PageNum=2,CC-MAIN-20181015080248-20181015101748-00033.warc.gz,470898339,718154,1048944,-1,1048576,-1,gzip,chunked,"",text/html; charset=utf-8,text/html
http://www.dogsbitedecatural.com/2018/10/grambling-la-7-year-old-boy-was.html,CC-MAIN-20181015080248-20181015101748-00033.warc.gz,477948625,103499,1049041,1048576,1048576,188170,gzip,"","",text/html; charset=UTF-8,text/html
http://www.donleonardomariapompei.it/phocadownload/Vol%208/43.%20Volume%208.mp3,CC-MAIN-20181015080248-20181015101748-00033.warc.gz,478468499,965513,1048861,1048576,1048576,1415393,"","",length,audio/mpeg,audio/mpeg
http://www.dynam-rc.com/download/2009_catalog.pdf,CC-MAIN-20181015080248-20181015101748-00033.warc.gz,481028720,910470,1049063,1048576,1048576,8808719,"","",length,application/pdf,application/pdf
http://www.eztonedoorchime.com/rodann-txrx-500-pdf-files-2015/driveway-signal-beam-entry-system-2015-1-page.pdf,CC-MAIN-20181015080248-20181015101748-00033.warc.gz,487721582,1024240,1048951,1048576,1048576,1953180,"","",length,application/pdf,application/pdf
http://www.forestparkreview.com/Real-Estate/Property-Transfers/?Page=6,CC-MAIN-20181015080248-20181015101748-00033.warc.gz,492187603,9366,49908,-1,49281,-1,gzip,chunked,disconnect,text/html,text/html
http://www.g.com.cn/creator/77999/,CC-MAIN-20181015080248-20181015101748-00033.warc.gz,494405229,182809,1048814,-1,1048576,-1,gzip,chunked,"",text/html,text/html
http://www.gela.ru/catalog/vyshivanie/nabory_i_skhemy_dlya_vyshivaniya/nabory_dlya_vyshivaniya_krestom/nabory_dlya_vyshivaniya_krestom_derwentwater_designs/nabory_dlya_vyshivaniya_v_tekhnike_bekstich_i_schyetnyy_krest_derwentwater_designs/nabor_dlya_vyshivaniya_barn_owl.html,CC-MAIN-20181015080248-20181015101748-00033.warc.gz,495827777,70122,1049475,-1,1048576,-1,gzip,chunked,"",text/html; charset=UTF-8,text/html
http://www.gela.ru/catalog/vyshivanie/nabory_i_skhemy_dlya_vyshivaniya/nabory_dlya_vyshivaniya_krestom/nabory_dlya_vyshivaniya_krestom_eva_rosenstand/nabor_dlya_vyshivaniya_yezhik_v_luzhe_lyen_26_ct.html,CC-MAIN-20181015080248-20181015101748-00033.warc.gz,495898939,69916,1049475,-1,1048576,-1,gzip,chunked,"",text/html; charset=UTF-8,text/html
http://www.gela.ru/catalog/vyshivanie/nabory_i_skhemy_dlya_vyshivaniya/nabory_dlya_vyshivaniya_krestom/nabory_dlya_vyshivaniya_krestom_lanarte/nabory_dlya_vyshivaniya_lanarte_na_khlopke_27_ct/nabor_dlya_vyshivaniya_hydrangea_lanarte.html,CC-MAIN-20181015080248-20181015101748-00033.warc.gz,495969880,70057,1049475,-1,1048576,-1,gzip,chunked,"",text/html; charset=UTF-8,text/html
http://www.gela.ru/catalog/vyshivanie/nabory_i_skhemy_dlya_vyshivaniya/nabory_dlya_vyshivaniya_krestom/nabory_dlya_vyshivaniya_krestom_permin/nabor_dlya_vyshivaniya_magazinchiki.html,CC-MAIN-20181015080248-20181015101748-00033.warc.gz,496040943,69954,1049475,-1,1048576,-1,gzip,chunked,"",text/html; charset=UTF-8,text/html
http://www.grancilindrada.com/tag/gt-r/,CC-MAIN-20181015080248-20181015101748-00033.warc.gz,498604646,7297,32383,-1,31961,-1,gzip,chunked,disconnect,text/html; charset=UTF-8,text/html
http://www.happylive.co.kr/Yongin_si,CC-MAIN-20181015080248-20181015101748-00033.warc.gz,500763890,7886,41755,-1,41066,-1,gzip,chunked,disconnect,text/html; charset=UTF-8,text/html
http://www.ilpr.it/?&startpage_COMM_BLOG=595,CC-MAIN-20181015080248-20181015101748-00033.warc.gz,509116951,60817,1048984,-1,1048576,-1,"",chunked,length,text/html,text/html
http://www.ipss.go.jp/syoushika/bunken/data/pdf/shonai79.pdf,CC-MAIN-20181015080248-20181015101748-00033.warc.gz,511998509,1000900,1048896,1048576,1048576,2052836,"","",length,application/pdf,application/pdf
http://www.jesusfreakhideout.com/downloads/indie/Tristin%20Roberts%20-%20Perfect%20Love.mp3,CC-MAIN-20181015080248-20181015101748-00033.warc.gz,515929444,1032147,1048893,1048576,1048576,3468773,"","",length,audio/mpeg,audio/mpeg
http://www.kidde.eu/images/manualy/Kidde_KL2S.pdf,CC-MAIN-20181015080248-20181015101748-00033.warc.gz,521743883,1003355,1048987,1048576,1048576,2365836,"","",length,application/pdf,application/pdf
http://www.kopenhaga.orpeg.pl/sites/www.kopenhaga.orpeg.pl/files/zalaczniki/Wspomaganie%20nauczania%20j%C4%99zyka%20polskiego%20i%20w%20jezyku%20polskim%20za%20granic%C4%85%20%281%29.pdf,CC-MAIN-20181015080248-20181015101748-00033.warc.gz,523974979,910936,1048941,1048576,1048576,4850925,"","",length,application/pdf,application/pdf
http://www.localiser-ip.com/?ip=176.137.72.125,CC-MAIN-20181015080248-20181015101748-00033.warc.gz,531370732,98475,1048863,-1,1048576,-1,gzip,chunked,"",text/html,text/html
http://www.localiser-ip.com/?ip=37.173.82.135,CC-MAIN-20181015080248-20181015101748-00033.warc.gz,531469963,98444,1048863,-1,1048576,-1,gzip,chunked,"",text/html,text/html
http://www.localiser-ip.com/?ip=54.190.69.231,CC-MAIN-20181015080248-20181015101748-00033.warc.gz,531569165,90374,1048863,-1,1048576,-1,gzip,chunked,"",text/html,text/html
http://www.localiser-ip.com/?ip=54.36.146.23,CC-MAIN-20181015080248-20181015101748-00033.warc.gz,531895931,90507,1048863,-1,1048576,-1,gzip,chunked,"",text/html,text/html
http://www.localiser-ip.com/?ip=54.72.14.142,CC-MAIN-20181015080248-20181015101748-00033.warc.gz,531987188,89996,1048863,-1,1048576,-1,gzip,chunked,"",text/html,text/html
http://www.localiser-ip.com/?ip=54.78.6.165,CC-MAIN-20181015080248-20181015101748-00033.warc.gz,532077935,90154,1048863,-1,1048576,-1,gzip,chunked,"",text/html,text/html
http://www.mairipora.sp.gov.br/wp-content/uploads/2018/09/ed-486.pdf,CC-MAIN-20181015080248-20181015101748-00033.warc.gz,534340155,1009500,1048902,1048576,1048576,2588667,"","",length,application/pdf,application/pdf
http://www.mojdehbook.com/154712/%D8%B1%D8%A7%D9%87%D9%86%D9%85%D8%A7%DB%8C-%D8%AF%D8%B1%D9%88%D8%B3-%D8%AF%D9%87%D9%85-%D8%A7%D9%86%D8%B3%D8%A7%D9%86%DB%8C-%D8%AC%DB%8C%DA%A9-%D9%88-%D9%BE%DB%8C%DA%A9-%D9%85%D9%88%D9%84%D9%81%D8%A7%D9%86-%DA%98%D8%B1%D9%81-%D8%A7%D9%86%D8%AF%DB%8C%D8%B4%D8%A7%D9%86-.html,CC-MAIN-20181015080248-20181015101748-00033.warc.gz,542332855,104462,1049010,1048576,1048576,1974934,"","",length,text/html; charset=utf-8,application/xhtml+xml
http://www.murciaconfidencial.com/2018/01/ciudadanos-solicitara-que-los.html,CC-MAIN-20181015080248-20181015101748-00033.warc.gz,544295909,43362,1049040,1048576,1048576,67834,gzip,"","",text/html; charset=UTF-8,text/html
http://www.nagoya-bunri.ac.jp/department/life/food/blog/DSC01006.JPG,CC-MAIN-20181015080248-20181015101748-00033.warc.gz,546344671,1013034,1048903,1048576,1048576,1123793,"","",length,image/jpeg,image/jpeg
http://www.nr8.oxlight.com/,CC-MAIN-20181015080248-20181015101748-00033.warc.gz,552287364,129752,1048818,1048576,1048576,263066,gzip,"","",text/html; charset=GB2312,application/xhtml+xml
http://www.phatphoto.com/phatgallery/categories.php?cat_id=646&sessionid=5cbgiggral37hpk8euh60hrp42,CC-MAIN-20181015080248-20181015101748-00033.warc.gz,558898771,12622,65398,-1,64862,-1,gzip,chunked,disconnect,text/html,text/html
http://www.rent-housing.ru/adler-olimpiyskiy-park/mini-gostinitsy/alina/,CC-MAIN-20181015080248-20181015101748-00033.warc.gz,568645616,22848,92191,-1,91481,-1,gzip,chunked,disconnect,text/html; charset=UTF-8,text/html
http://www.rfegolf.es/ArtculosDocumento/REGLAS/RandA_Guia_para_la_Organizacion_de_una_Competicion-version_2012.pdf,CC-MAIN-20181015080248-20181015101748-00033.warc.gz,569363071,1027573,1049109,1048576,1048576,4432576,"","",length,application/pdf,application/pdf
http://www.saints.nsw.edu.au/assets/pdf/17vimmagazine/VIM_Issue_4_2017_low_res.pdf,CC-MAIN-20181015080248-20181015101748-00033.warc.gz,573620633,709688,1048878,1048576,1048576,3417748,"","",length,application/pdf,application/pdf
http://www.sandiegohealth.org/disease/drug/publicationid_898_2242.pdf,CC-MAIN-20181015080248-20181015101748-00033.warc.gz,574791035,519439,1048885,1048576,1048576,1064073,"","",length,application/pdf,application/pdf
http://www.shopgids.nl/s/rijen/,CC-MAIN-20181015080248-20181015101748-00033.warc.gz,579176547,63303,1049002,-1,1048576,-1,gzip,chunked,"",text/html; charset=UTF-8,text/html
http://www.spain.nsk-dental.com/pdf/en_userguide/oral-hygiene/Varios370_OM-E0506E-004_OPERATION%20MANUAL_EN_DE_FR_ES_IT.pdf,CC-MAIN-20181015080248-20181015101748-00033.warc.gz,583181174,1039422,1049056,1048576,1048576,7782785,"","",length,application/pdf,application/pdf
http://www.strauss-electroacoustics.com/download/archithese_6-2008.pdf,CC-MAIN-20181015080248-20181015101748-00033.warc.gz,585939645,1023191,1048905,1048576,1048576,1977519,"","",length,application/pdf,application/pdf
http://www.synthfont.com/SynthFont2Setup.exe,CC-MAIN-20181015080248-20181015101748-00033.warc.gz,589943423,1014093,1048936,1048576,1048576,11930633,"","",length,application/x-msdos-program,application/x-dosexec
http://www.szahaqcc.com/col.jsp?id=106,CC-MAIN-20181015080248-20181015101748-00033.warc.gz,591047919,20776,138134,-1,137476,-1,gzip,chunked,disconnect,text/html; charset=UTF-8,application/xhtml+xml
http://www.tamhum.or.kr/index.php?mid=report_18&document_srl=225003&act=dispBoardModifyComment&comment_srl=225043,CC-MAIN-20181015080248-20181015101748-00033.warc.gz,591578669,6329,21230,-1,20617,-1,gzip,chunked,disconnect,text/html; charset=UTF-8,text/html
http://www.vazcomwebdesign.com/?tag=%E7%BA%A2%E5%A7%90%E5%BF%83%E6%B0%B4%E8%AE%BA%E7%BA%AD,CC-MAIN-20181015080248-20181015101748-00033.warc.gz,604407470,184903,1048918,1048576,1048576,195790,gzip,"","",text/html,text/html
http://www.vishdo.com/case/6.html,CC-MAIN-20181015080248-20181015101748-00033.warc.gz,606229307,5772,19605,19126,19126,8505,gzip,"",disconnect,text/html; charset=utf-8,text/html
http://www.xiaoxiaoyanshuojia.cn/h-nd-100.html,CC-MAIN-20181015080248-20181015101748-00033.warc.gz,612288604,16129,62177,-1,61491,-1,gzip,chunked,disconnect,text/html; charset=UTF-8,application/xhtml+xml
http://xn--3-ctb0bla7b.xn--p1ai/DswMedia/biblioteka.pdf,CC-MAIN-20181015080248-20181015101748-00033.warc.gz,617888036,816961,1048982,1048576,1048576,3127612,"","",length,application/pdf,application/pdf
http://yaesu.com/downloadFile.cfm?FileID=13386&FileCatID=42&FileName=FT-25_Memory_Programmer_EXP.zip&FileContentType=application%2Fx-zip-compressed,CC-MAIN-20181015080248-20181015101748-00033.warc.gz,620436149,1049759,1049068,-1,1048576,-1,"",chunked,length,application/x-zip-compressed;charset=UTF-8,application/zip
http://zamatheg.tk/page/book_399,CC-MAIN-20181015080248-20181015101748-00033.warc.gz,624940601,102125,1049005,-1,1048576,-1,gzip,chunked,"",text/html,text/html
http://zousanblog.blogspot.com/2013/01/blog-post_19.html,CC-MAIN-20181015080248-20181015101748-00033.warc.gz,627554876,128144,1049041,1048576,1048576,135405,gzip,"","",text/html; charset=UTF-8,text/html
https://ar.pinterest.com/mmontelar/,CC-MAIN-20181015080248-20181015101748-00033.warc.gz,638275374,197848,1050667,-1,1048576,-1,gzip,chunked,"",text/html; charset=utf-8,text/html
https://ar.tripadvisor.com/HotelsNear-g186447-d2547923-Gwydir_Forest-Betws_y_Coed_Snowdonia_National_Park_North_Wales_Wales.html,CC-MAIN-20181015080248-20181015101748-00033.warc.gz,639005620,172083,1051232,1048576,1048576,284520,gzip,"","",text/html;charset=UTF-8,text/html
https://arxip.com/project/1019676/interior_design-3d_visualization-kvartira-kazahstan-gkaraganda-ul-gogolya-46-3-kvartira-dom-gostinaya-80-100-m2-sovremennyiy-modernizm-interer-1019676/photo/188336/,CC-MAIN-20181015080248-20181015101748-00033.warc.gz,641479765,87101,1049562,-1,1048576,-1,gzip,chunked,"",text/html; charset=utf-8,text/html
https://arxip.com/project/1020009/interior_design-3d_visualization-dom-v-stile-loft-moskovskaya-oblast-2014g-proekt-kvartira-dom-studiya-100-200-m2-loft-interer-1020009/photo/232206/,CC-MAIN-20181015080248-20181015101748-00033.warc.gz,641567894,92093,1049562,-1,1048576,-1,gzip,chunked,"",text/html; charset=utf-8,text/html
https://ascindustries.com/portals/0/pdf/GatorLaid%20SlingsWire%20Rope.PDF,CC-MAIN-20181015080248-20181015101748-00033.warc.gz,642013516,1019089,1048977,1048576,1048576,1248386,"","",length,application/pdf,application/pdf
https://carinbondar.com/wp-content/uploads/2018/04/header.png,CC-MAIN-20181015080248-20181015101748-00033.warc.gz,659411660,1046980,1048933,1048576,1048576,5348820,"","","",image/png,image/png
https://catalog.onliner.by/cat/building,CC-MAIN-20181015080248-20181015101748-00033.warc.gz,660990893,56251,1049646,-1,1048576,-1,gzip,chunked,"",text/html; charset=UTF-8,text/html
https://cdn.preterhuman.net/texts/science_and_technology/artificial_intelligence/Computational%20Intelligence%20An%20Introduction%20-%20Andries%20P.%20Engelbrecht.pdf,CC-MAIN-20181015080248-20181015101748-00033.warc.gz,661497180,992707,1049262,1048576,1048576,17786559,"","",length,application/pdf,application/pdf
https://cn.tradingview.com/chart/BTCUSD/edoU8kYS-BTC-observations/,CC-MAIN-20181015080248-20181015101748-00033.warc.gz,666282829,283409,1049216,1048576,1048576,324268,gzip,"","",text/html; charset=utf-8,text/html
https://cn.tripadvisor.com/Attraction_Review-g294257-d5453816-Reviews-Cowrie_Island-Puerto_Princesa_Palawan_Island_Palawan_Province_Mimaropa.html,CC-MAIN-20181015080248-20181015101748-00033.warc.gz,666567195,217316,1052941,1048576,1048576,230102,gzip,"","",text/html;charset=UTF-8,text/html
https://collection.sciencemuseum.org.uk/documents/aa110105511,CC-MAIN-20181015080248-20181015101748-00033.warc.gz,668205612,64537,1048845,-1,1048576,-1,gzip,chunked,"",text/html; charset=utf-8,text/html
https://curioblogsite.files.wordpress.com/2018/01/entrevista-aynhoa.m4a,CC-MAIN-20181015080248-20181015101748-00033.warc.gz,673211266,1047646,1048920,1048576,1048576,6139226,"","",length,audio/mpeg,audio/mp4
https://dirtbagdreams.com/wp-content/uploads/2016/12/photo-3-1.jpg,CC-MAIN-20181015080248-20181015101748-00033.warc.gz,680668812,1046266,1048993,1048576,1048576,2349666,"","",length,image/jpeg,image/jpeg
https://discovery.hgdata.com/product/solaris-8,CC-MAIN-20181015080248-20181015101748-00033.warc.gz,681770458,236025,1048859,-1,1048576,-1,gzip,chunked,"","",text/html
https://downtownbozeman.org/listing/category/www.RightatHome.net/jlfarchitects.com,CC-MAIN-20181015080248-20181015101748-00033.warc.gz,684957421,135493,1049775,-1,1048576,-1,gzip,chunked,"",text/html; charset=UTF-8,text/html
https://ecals.cals.wisc.edu/wp-content/uploads/sites/4/2018/06/UCS_ScienceAdvocacyWorkshop.pdf,CC-MAIN-20181015080248-20181015101748-00033.warc.gz,687635373,1034537,1049306,-1,1048576,-1,gzip,chunked,"",application/pdf,application/pdf
https://embird.net/file/embrd2017b1025_x86_setup.exe,CC-MAIN-20181015080248-20181015101748-00033.warc.gz,690772171,985989,1048945,1048576,1048576,133716752,"","",length,application/octet-stream,application/x-msdownload; format=pe32
https://es.airbnb.com/rooms/19140829,CC-MAIN-20181015080248-20181015101748-00033.warc.gz,694258696,218002,1055188,-1,1048576,-1,gzip,chunked,"",text/html; charset=utf-8,text/html
https://es.airbnb.com/rooms/8445115,CC-MAIN-20181015080248-20181015101748-00033.warc.gz,694477553,216266,1055183,-1,1048576,-1,gzip,chunked,"",text/html; charset=utf-8,text/html
https://eurometalgroup.ru/catalog/lineynye_komponenty_i_avtomatika/otdeliteli_zhidkostey_i_maslootdeliteli/,CC-MAIN-20181015080248-20181015101748-00033.warc.gz,697455946,51802,381708,-1,380769,-1,gzip,chunked,disconnect,text/html; charset=UTF-8,application/xhtml+xml
https://eurometalgroup.ru/contacts/stores/msk-gvozd/,CC-MAIN-20181015080248-20181015101748-00033.warc.gz,697508670,43128,316538,-1,315599,-1,gzip,chunked,disconnect,text/html; charset=UTF-8,application/xhtml+xml
https://fr.tripadvisor.be/Attraction_Review-g186338-d187712-Reviews-Bevis_Marks_Synagogue-London_England.html,CC-MAIN-20181015080248-20181015101748-00033.warc.gz,707727240,216158,1052864,1048576,1048576,230744,gzip,"","",text/html;charset=UTF-8,text/html
https://fr.tripadvisor.be/Attraction_Review-g194900-d523269-Reviews-Old_Bussana_Bussana_Vecchia-Sanremo_Italian_Riviera_Liguria.html,CC-MAIN-20181015080248-20181015101748-00033.warc.gz,707944372,215948,1052917,1048576,1048576,232875,gzip,"","",text/html;charset=UTF-8,text/html
https://fr.tripadvisor.ca/Hotel_Review-g635976-d1081339-Reviews-Mancora_Bay_Hotel-Mancora_Piura_Region.html,CC-MAIN-20181015080248-20181015101748-00033.warc.gz,708403233,200532,1051219,1048576,1048576,252986,gzip,"","",text/html;charset=UTF-8,text/html
https://fr.tripadvisor.ca/Hotels-g1152598-Bijie_Guizhou-Hotels.html,CC-MAIN-20181015080248-20181015101748-00033.warc.gz,708604690,184891,1051101,1048576,1048576,242071,gzip,"","",text/html;charset=UTF-8,text/html
https://fr.tripadvisor.ch/Hotels-g2451492-zff24-Province_of_Cagliari_Sardinia-Hotels.html,CC-MAIN-20181015080248-20181015101748-00033.warc.gz,708875432,180595,1051170,1048576,1048576,291511,gzip,"","",text/html;charset=UTF-8,text/html
https://gdk32.ru/wp-content/uploads/2018/09/BRNE2eIXBJw.jpg,CC-MAIN-20181015080248-20181015101748-00033.warc.gz,712103553,1049604,1048929,1048576,1048576,1517776,"","",length,image/jpeg,image/jpeg
https://gr.pinterest.com/areticap/,CC-MAIN-20181015080248-20181015101748-00033.warc.gz,716800676,220319,1050667,-1,1048576,-1,gzip,chunked,"",text/html; charset=utf-8,text/html
https://gr.pinterest.com/joannafoto/,CC-MAIN-20181015080248-20181015101748-00033.warc.gz,717074295,222419,1050667,-1,1048576,-1,gzip,chunked,"",text/html; charset=utf-8,text/html
https://haqast.wiscweb.wisc.edu/wp-content/uploads/sites/91/2018/07/Mooney_GettingTheWordOut.pdf,CC-MAIN-20181015080248-20181015101748-00033.warc.gz,719671929,1000579,1048938,-1,1048576,-1,gzip,chunked,"",application/pdf,application/pdf
https://hiland.ru/aver/064AUSB--BPD.html,CC-MAIN-20181015080248-20181015101748-00033.warc.gz,722896529,22084,92581,-1,91416,-1,gzip,chunked,disconnect,text/html; charset=UTF-8,text/html
https://holz.fordaq.com/fordaq/T%C3%A4tigkeit/a3662/Holzpellets.html,CC-MAIN-20181015080248-20181015101748-00033.warc.gz,724760672,68098,1049435,-1,1048576,-1,gzip,chunked,"",text/html; charset=UTF-8,text/html
https://hr.airbnb.com/rooms/5530056,CC-MAIN-20181015080248-20181015101748-00033.warc.gz,726265629,220085,1055186,-1,1048576,-1,gzip,chunked,"",text/html; charset=utf-8,text/html
https://hu.pinterest.com/ankajudit/,CC-MAIN-20181015080248-20181015101748-00033.warc.gz,726910663,219516,1050667,-1,1048576,-1,gzip,chunked,"",text/html; charset=utf-8,text/html
https://hu.pinterest.com/matiandi/,CC-MAIN-20181015080248-20181015101748-00033.warc.gz,727183108,212721,1050667,-1,1048576,-1,gzip,chunked,"",text/html; charset=utf-8,text/html
https://index.co/company/fasho_clothing,CC-MAIN-20181015080248-20181015101748-00033.warc.gz,731248156,187630,1050632,-1,1048576,-1,gzip,chunked,"",text/html; charset=UTF-8,text/html
https://index.co/company/kebai-science-and-technology,CC-MAIN-20181015080248-20181015101748-00033.warc.gz,731436668,187671,1050684,-1,1048576,-1,gzip,chunked,"",text/html; charset=UTF-8,text/html
https://japanesestation.com/inilah-beberapa-gadget-sungguhan-dari-detective-conan/,CC-MAIN-20181015080248-20181015101748-00033.warc.gz,736673470,25161,139450,-1,138514,-1,gzip,chunked,disconnect,text/html; charset=UTF-8,text/html
https://lejiu.jd.com/,CC-MAIN-20181015080248-20181015101748-00033.warc.gz,746963091,26081,155027,154639,154639,25295,gzip,"",disconnect,text/html; charset=utf-8,text/html
https://lmkvalasskeklobouky.cz/media/soubory/2017/10/06/propozice_Vosa_ZN2017.pdf,CC-MAIN-20181015080248-20181015101748-00033.warc.gz,750893618,1008742,1048861,1048576,1048576,2678835,"","",length,application/pdf,application/pdf
https://m.twinkledeals.com/men-s-bags/leisure-zipper-and-canvas-design/p_354465.html,CC-MAIN-20181015080248-20181015101748-00033.warc.gz,756164534,12569,1049360,1048576,1048576,32554,gzip,"","",text/html; charset=utf-8,text/html
https://marketplace.epik.com/alumna.net,CC-MAIN-20181015080248-20181015101748-00033.warc.gz,758596211,60435,1049105,-1,1048576,-1,gzip,chunked,"",text/html; charset=UTF-8,text/html
https://mse.gist.ac.kr/mse_2016/index.php?mid=Sub050604&document_srl=2794,CC-MAIN-20181015080248-20181015101748-00033.warc.gz,766539540,9707,59059,-1,58556,-1,gzip,chunked,disconnect,text/html; charset=UTF-8,text/html
https://nebula.wsimg.com/b13c8a8ab2bda833f23d5cb7106c75b0?AccessKeyId=E47B5E0DAEDFCCDEA969&disposition=0&alloworigin=1,CC-MAIN-20181015080248-20181015101748-00033.warc.gz,770662782,1045661,1049453,-1,1048576,-1,gzip,chunked,"",application/pdf,application/pdf
https://negocio.pe/salud/medicina-estetica,CC-MAIN-20181015080248-20181015101748-00033.warc.gz,771756566,5431,15715,-1,14976,-1,gzip,chunked,disconnect,text/html; charset=utf-8,text/html
https://nl.pinterest.com/jessemeinen/,CC-MAIN-20181015080248-20181015101748-00033.warc.gz,774663538,164426,1050667,-1,1048576,-1,gzip,chunked,"",text/html; charset=utf-8,text/html
https://no.pinterest.com/christinefloen/,CC-MAIN-20181015080248-20181015101748-00033.warc.gz,775906715,222549,1050667,-1,1048576,-1,gzip,chunked,"",text/html; charset=utf-8,text/html
https://no.pinterest.com/geam_pong/,CC-MAIN-20181015080248-20181015101748-00033.warc.gz,776130003,210925,1050667,-1,1048576,-1,gzip,chunked,"",text/html; charset=utf-8,text/html
https://no.tripadvisor.com/LastMinute-g190726-Stevenage_Hertfordshire_England-Hotels.html,CC-MAIN-20181015080248-20181015101748-00033.warc.gz,776678979,202395,1051172,1048576,1048576,226949,gzip,"","",text/html;charset=UTF-8,text/html
https://oferta.abreu.pt/pt-PT/detalhe_pacote_de_ferias/?idAcordo=8795&id=28E2D12A-FE44-40AD-B527-B1615C42F4FA&idCanal=E983EF26-ACE2-4B25-A30B-791B6D5D971B,CC-MAIN-20181015080248-20181015101748-00033.warc.gz,780225644,784407,1049114,-1,1048576,-1,gzip,chunked,"",text/html; charset=utf-8,text/html
https://pensionercard.tk/category/livlov-dots,CC-MAIN-20181015080248-20181015101748-00033.warc.gz,787311838,168343,1049134,-1,1048576,-1,gzip,chunked,"",text/html; charset=UTF-8,text/html
https://pl.pinterest.com/ewewaw/,CC-MAIN-20181015080248-20181015101748-00033.warc.gz,790706579,200294,1050667,-1,1048576,-1,gzip,chunked,"",text/html; charset=utf-8,text/html
https://pl.tripadvisor.com/Attraction_Review-g143047-d145171-Reviews-Ruby_Beach-Olympic_National_Park_Washington.html,CC-MAIN-20181015080248-20181015101748-00033.warc.gz,791127315,217199,1052876,1048576,1048576,226164,gzip,"","",text/html;charset=UTF-8,text/html
https://pl.tripadvisor.com/Attraction_Review-g315845-d4759017-Reviews-Hofdi-Lake_Myvatn_Northeast_Region.html,CC-MAIN-20181015080248-20181015101748-00033.warc.gz,791345458,218914,1052860,1048576,1048576,224819,gzip,"","",text/html;charset=UTF-8,text/html
https://pl.tripadvisor.com/Hotels-g255116-zff14-South_Island-Hotels.html,CC-MAIN-20181015080248-20181015101748-00033.warc.gz,791565282,186203,1051131,1048576,1048576,299918,gzip,"","",text/html;charset=UTF-8,text/html
https://plitkaplus.ru/catalog/product/Azori%28Azori%29-Nastennaya-plitka-Vog/,CC-MAIN-20181015080248-20181015101748-00033.warc.gz,792925174,12645,50844,-1,50169,-1,gzip,chunked,disconnect,text/html; charset=UTF-8,text/html
https://quotecatalog.com/communicator/stieg-larsson/,CC-MAIN-20181015080248-20181015101748-00033.warc.gz,800982896,98740,1049097,-1,1048576,-1,gzip,chunked,"",text/html; charset=utf-8,text/html
https://ro.pinterest.com/ablachim_elis/,CC-MAIN-20181015080248-20181015101748-00033.warc.gz,805806077,211982,1050667,-1,1048576,-1,gzip,chunked,"",text/html; charset=utf-8,text/html
https://ro.pinterest.com/burzonicu/,CC-MAIN-20181015080248-20181015101748-00033.warc.gz,806018796,222128,1050667,-1,1048576,-1,gzip,chunked,"",text/html; charset=utf-8,text/html
https://ro.pinterest.com/paalexandrap2004/,CC-MAIN-20181015080248-20181015101748-00033.warc.gz,806278368,200830,1050667,-1,1048576,-1,gzip,chunked,"",text/html; charset=utf-8,text/html
https://sankt-peterburg.naydidom.com/kupit-kvartiri-novostroyka-sankt-peterburg.html,CC-MAIN-20181015080248-20181015101748-00033.warc.gz,810718753,80115,1049394,-1,1048576,-1,gzip,chunked,"",text/html; charset=UTF-8,text/html
https://startwithyourheart.com/Meetings/_downloads/SAC_Meetings/0817/Telestroke.update.Aug.11.2017.pdf,CC-MAIN-20181015080248-20181015101748-00033.warc.gz,826932895,1015003,1048951,1048576,1048576,1433230,"","","",application/pdf,application/pdf
https://tarsurfaces.co.za/areas/tar-surfacing-amandasig/,CC-MAIN-20181015080248-20181015101748-00033.warc.gz,835021573,97326,1049156,-1,1048576,-1,gzip,chunked,"",text/html; charset=UTF-8,text/html
https://th.tripadvisor.com/Attraction_Review-g14160660-d5555341-Reviews-Parque_de_Aventura_Barrancas_del_Cobre-Areponapuchi_Urique_Copper_Canyon_Northe.html,CC-MAIN-20181015080248-20181015101748-00033.warc.gz,837695927,207352,1052965,1048576,1048576,231936,gzip,"","",text/html;charset=UTF-8,text/html
https://th.tripadvisor.com/Attraction_Review-g37311-d1554548-Reviews-Funflatables-Merrillville_Indiana.html,CC-MAIN-20181015080248-20181015101748-00033.warc.gz,837904332,216141,1052867,1048576,1048576,226650,gzip,"","",text/html;charset=UTF-8,text/html
https://th.tripadvisor.com/Hotels-g190465-zfc4-Finnmark_Northern_Norway-Hotels.html,CC-MAIN-20181015080248-20181015101748-00033.warc.gz,838190769,217217,1051140,1048576,1048576,240288,gzip,"","",text/html;charset=UTF-8,text/html
https://th.tripadvisor.com/HotelsNear-g425032-d4386220-Ballan_Station-Ballan_Mire_Indre_et_Loire_Centre_Val_de_Loire.html,CC-MAIN-20181015080248-20181015101748-00033.warc.gz,838408958,178356,1051245,1048576,1048576,293693,gzip,"","",text/html;charset=UTF-8,text/html
https://www.adrianyoungteam.com/homes/3001-e-chestnut-ave-vineland-nj-08361/28422468,CC-MAIN-20181015080248-20181015101748-00033.warc.gz,867528589,61367,1049720,-1,1048576,-1,gzip,chunked,"",text/html; charset=utf-8,text/html
https://www.ahstatic.com/pdf/0663_rsr002_00_t_x_gb.pdf,CC-MAIN-20181015080248-20181015101748-00033.warc.gz,869112361,920785,1049050,-1,1048576,-1,"",chunked,length,application/pdf,application/pdf
https://www.airbnb.co.id/rooms/20930313?location=Tetenb%C3%BCll%2C%20Jerman,CC-MAIN-20181015080248-20181015101748-00033.warc.gz,870922626,212525,1055230,-1,1048576,-1,gzip,chunked,"",text/html; charset=utf-8,text/html
https://www.airbnb.com/rooms/7662925,CC-MAIN-20181015080248-20181015101748-00033.warc.gz,871700576,200804,1055493,-1,1048576,-1,gzip,chunked,"",text/html; charset=utf-8,text/html
https://www.airbnb.cz/rooms/16860272?location=Surf%20City%2C%20North%20Carolina,CC-MAIN-20181015080248-20181015101748-00033.warc.gz,871902244,226235,1055187,-1,1048576,-1,gzip,chunked,"",text/html; charset=utf-8,text/html
https://www.airbnb.de/rooms/20321627,CC-MAIN-20181015080248-20181015101748-00033.warc.gz,873136581,219369,1055466,-1,1048576,-1,gzip,chunked,"",text/html; charset=utf-8,text/html
https://www.airbnb.es/rooms/25001024,CC-MAIN-20181015080248-20181015101748-00033.warc.gz,873522403,217668,1055194,-1,1048576,-1,gzip,chunked,"",text/html; charset=utf-8,text/html
https://www.airbnb.fr/rooms/10560475,CC-MAIN-20181015080248-20181015101748-00033.warc.gz,873740931,218319,1055192,-1,1048576,-1,gzip,chunked,"",text/html; charset=utf-8,text/html
https://www.airbnb.fr/rooms/12976317,CC-MAIN-20181015080248-20181015101748-00033.warc.gz,873960128,214406,1055466,-1,1048576,-1,gzip,chunked,"",text/html; charset=utf-8,text/html
https://www.airbnb.hu/rooms/23481153,CC-MAIN-20181015080248-20181015101748-00033.warc.gz,874389534,221854,1055177,-1,1048576,-1,gzip,chunked,"",text/html; charset=utf-8,text/html
https://www.airbnb.hu/rooms/23630841,CC-MAIN-20181015080248-20181015101748-00033.warc.gz,874612303,239357,1055182,-1,1048576,-1,gzip,chunked,"",text/html; charset=utf-8,text/html
https://www.airbnb.hu/rooms/25686323,CC-MAIN-20181015080248-20181015101748-00033.warc.gz,874852560,222257,1055179,-1,1048576,-1,gzip,chunked,"",text/html; charset=utf-8,text/html
https://www.airbnb.it/rooms/23540287,CC-MAIN-20181015080248-20181015101748-00033.warc.gz,875612503,215453,1055187,-1,1048576,-1,gzip,chunked,"",text/html; charset=utf-8,text/html
https://www.airbnb.no/rooms/25787291,CC-MAIN-20181015080248-20181015101748-00033.warc.gz,877624758,216248,1055182,-1,1048576,-1,gzip,chunked,"",text/html; charset=utf-8,text/html
https://www.airbnb.pl/rooms/17605886?location=Kalamalka%20Lake%2C%20Kanada&tier_override=0,CC-MAIN-20181015080248-20181015101748-00033.warc.gz,878050697,225024,1055190,-1,1048576,-1,gzip,chunked,"",text/html; charset=utf-8,text/html
https://www.airbnb.pl/things-to-do/top-places/portland/nature,CC-MAIN-20181015080248-20181015101748-00033.warc.gz,878946471,182296,1054808,-1,1048576,-1,gzip,chunked,"",text/html; charset=utf-8,text/html
https://www.airbnb.ru/rooms/17771048,CC-MAIN-20181015080248-20181015101748-00033.warc.gz,879339043,213632,1055194,-1,1048576,-1,gzip,chunked,"",text/html; charset=utf-8,text/html
https://www.airbnb.ru/rooms/18971324,CC-MAIN-20181015080248-20181015101748-00033.warc.gz,879553554,209746,1055191,-1,1048576,-1,gzip,chunked,"",text/html; charset=utf-8,text/html
https://www.allinclusiveoutlet.com/deals/PCBQPD-T/riu-playa-blanca,CC-MAIN-20181015080248-20181015101748-00033.warc.gz,881337633,141203,1048887,1048576,1048576,3270110,"","",length,text/html; charset=utf-8,text/html
https://www.bbbs.net/ftp/bter_lia.tar.gz,CC-MAIN-20181015080248-20181015101748-00033.warc.gz,894745192,1048580,1048920,1048576,1048576,1649258,"","",length,application/gzip,application/gzip
https://www.bigleo.com/Rebecca-Buenik/Product/45,CC-MAIN-20181015080248-20181015101748-00033.warc.gz,900149513,99591,1048888,-1,1048576,-1,gzip,chunked,"",text/html,text/html
https://www.bluesoundstudios.com/portfolio/cubesonics/cube2/,CC-MAIN-20181015080248-20181015101748-00033.warc.gz,902859491,7541,28101,-1,27522,-1,gzip,chunked,disconnect,text/html; charset=UTF-8,text/html
https://www.boots.com/issey-miyake-women,CC-MAIN-20181015080248-20181015101748-00033.warc.gz,904432885,68781,1049587,1048576,1048576,112811,gzip,"","",text/html;charset=UTF-8,text/html
https://www.breeethretail.ru/production/ochistiteli-vozdukha/iqair-cleanzone-5300-multigas/,CC-MAIN-20181015080248-20181015101748-00033.warc.gz,905572762,29970,149487,-1,148667,-1,gzip,chunked,disconnect,text/html; charset=UTF-8,application/xhtml+xml
https://www.bukalapak.com/p/elektronik/elektronik-lainnya/e4nt9u-jual-paling-bagus-bon-gou-chocolate-butter-flavor-60ml-e-liquid-premium-liquid,CC-MAIN-20181015080248-20181015101748-00033.warc.gz,907055149,24496,151030,-1,150218,-1,gzip,chunked,disconnect,text/html; charset=utf-8,text/html
https://www.carsondellosa.com/search-catalog/?fq=themes_string_mv-AND%7CHipster;topics_string_mv-AND%7CIncentives&sortby=-unitssold_int,CC-MAIN-20181015080248-20181015101748-00033.warc.gz,911296784,237478,1049344,-1,1048576,-1,gzip,chunked,"",text/html; charset=utf-8,text/html
https://www.ceicdata.com/en/china/retail-sales-of-consumer-goods-prefecture-level-city-monthly/retail-sales-of-consumer-goods-ytd-henan-pingdingshan,CC-MAIN-20181015080248-20181015101748-00033.warc.gz,912899166,77410,1049303,-1,1048576,-1,gzip,chunked,"",text/html; charset=utf-8,text/html
https://www.cnn.com/2013/01/30/worldsport/gallery/athletics-yego-javelin-kenya-olympics/index.html,CC-MAIN-20181015080248-20181015101748-00033.warc.gz,918272060,103351,1050169,1048576,1048576,175052,gzip,"","",text/html; charset=utf-8,text/html
https://www.cnn.com/videos/spanish/2018/05/17/venezolanos-en-argentina-exodo-crisis-inmigracion-elecciones-pkg-osmary-hernandez.cnn,CC-MAIN-20181015080248-20181015101748-00033.warc.gz,918376385,103274,1050169,1048576,1048576,197664,gzip,"","",text/html; charset=utf-8,text/html
https://www.cnn.com/videos/world/2014/10/31/pkg-walsh-afghan-mercenaries-paid-by-iran.cnn,CC-MAIN-20181015080248-20181015101748-00033.warc.gz,918480586,103408,1050166,1048576,1048576,196852,gzip,"","",text/html; charset=utf-8,text/html
https://www.ffi.no/no/Rapporter/04-00659.pdf,CC-MAIN-20181015080248-20181015101748-00033.warc.gz,951282407,655856,1049379,1048576,1048576,1074315,"","",length,application/pdf,application/pdf
https://www.g-ba.de/downloads/40-268-4162/2017-01-19_KHMe-RL_Stammzelltransplantation-Multiples-Myelom_ZD.pdf,CC-MAIN-20181015080248-20181015101748-00033.warc.gz,961421618,1024014,1048954,1048576,1048576,10995834,"","",length,application/pdf,application/pdf
https://www.gsfcarparts.com/category/parts/service-parts/filters,CC-MAIN-20181015080248-20181015101748-00033.warc.gz,970239993,48861,1049466,-1,1048576,-1,gzip,chunked,"",text/html; charset=UTF-8,text/html
https://www.hermes.com/lu/fr/product/set-de-3-pieces-traveler-H102814Mv02/,CC-MAIN-20181015080248-20181015101748-00033.warc.gz,975460134,136306,1049301,1048576,1048576,155078,gzip,"","",text/html; charset=utf-8,text/html
https://www.heshphoto.com/portfolios/people/13,CC-MAIN-20181015080248-20181015101748-00033.warc.gz,975670452,188003,1048894,-1,1048576,-1,gzip,chunked,"",text/html,text/html
https://www.heshphoto.com/projects/hot-lead/11,CC-MAIN-20181015080248-20181015101748-00033.warc.gz,975859207,187990,1048894,-1,1048576,-1,gzip,chunked,"",text/html,text/html
https://www.hm-deluxe.de/pdf/cb112_hmdeluxe.pdf,CC-MAIN-20181015080248-20181015101748-00033.warc.gz,977092152,790335,1048922,1048576,1048576,1335896,"","",length,application/pdf,application/pdf
https://www.holzschnitzerei-bachmann.com/en/shop/children-s-crib.html,CC-MAIN-20181015080248-20181015101748-00033.warc.gz,978486162,34973,1049153,-1,1048576,-1,gzip,chunked,"",text/html; charset=utf-8,text/html
"https://www.ifn.se/storage/cms/86c58167d15d4a7786aabaa6c1277b40/16dee35096b3428da0104117966aaf0d/pdf/0522123371FBD77E4953815A361EC7566D240976/1980.Forskningsrapport%20nr%209.G.Eliasson.Electronics,%20Technical%20Change%20and%20Total%20Economic%20Peformance%20webb.pdf?MediaArchive_ForceDownload=true&PropertyName=File1&ValueIndex=0",CC-MAIN-20181015080248-20181015101748-00033.warc.gz,983519367,964714,1049051,1048576,1048576,1821202,"","","",application/pdf; charset=utf-8,application/pdf
https://www.ikea.com/us/en/assembly_instructions/rast-drawer-chest__AA-2020120-1_pub.pdf,CC-MAIN-20181015080248-20181015101748-00033.warc.gz,985346701,318938,1049123,1048576,1048576,2726114,"","",length,application/pdf,application/pdf
https://www.ital-accessori.sk/katalog/split/B1.pdf,CC-MAIN-20181015080248-20181015101748-00033.warc.gz,991302281,1008265,1048900,1048576,1048576,1286905,"","","",application/pdf,application/pdf
https://www.kiwi.com/pl/loty/ankara-turcja/drezno-niemcy/,CC-MAIN-20181015080248-20181015101748-00033.warc.gz,1001313928,198810,1049740,-1,1048576,-1,gzip,chunked,"",text/html; charset=utf-8,text/html
https://www.kiwi.com/sk/letenky/ponta-delgada-portugalsko/madeira-portugalsko/,CC-MAIN-20181015080248-20181015101748-00033.warc.gz,1001513662,247045,1049740,-1,1048576,-1,gzip,chunked,"",text/html; charset=utf-8,text/html
https://www.leds.de/leuchten/philips-hue.html,CC-MAIN-20181015080248-20181015101748-00033.warc.gz,1007309153,75568,1049062,1048576,1048576,91787,gzip,"","",text/html; charset=UTF-8,text/html
https://www.lovesac.com/product/item/sacs/sac-covers/moviesac-cover/2123182,CC-MAIN-20181015080248-20181015101748-00033.warc.gz,1013882056,61135,1049272,-1,1048576,-1,gzip,chunked,"",text/html; charset=utf-8,text/html
https://www.macys.com/shop/shoes/flip-flops/Color_normal/Black?id=79677,CC-MAIN-20181015080248-20181015101748-00033.warc.gz,1016101064,100467,1050358,-1,1048576,-1,gzip,chunked,"",text/html; charset=utf-8,text/html
https://www.moebel.de/wohnen/schraenke/lowboards,CC-MAIN-20181015080248-20181015101748-00033.warc.gz,1025953677,58688,1049324,-1,1048576,-1,gzip,chunked,"",text/html; charset=utf-8,text/html
https://www.mybanktracker.com/branch/Citizens-Bank/DE/Wilmington/19810/2098-Naamans-Road-308580,CC-MAIN-20181015080248-20181015101748-00033.warc.gz,1030823045,122166,1049424,1048576,1048576,187439,gzip,"","",text/html; charset=utf-8,text/html
https://www.mybanktracker.com/branch/Frost/TX/Dallas/75205/6321-Hillcrest-Avenue-309611,CC-MAIN-20181015080248-20181015101748-00033.warc.gz,1030946162,122157,1049424,1048576,1048576,187415,gzip,"","",text/html; charset=utf-8,text/html
https://www.myfxbook.com/en/members/ForexClub_RT/newtec/60897,CC-MAIN-20181015080248-20181015101748-00033.warc.gz,1031551150,58332,1049115,-1,1048576,-1,gzip,chunked,"",text/html;charset=utf-8,application/xhtml+xml
https://www.netsabe.com.br/anjos-maurio-p,CC-MAIN-20181015080248-20181015101748-00033.warc.gz,1034587695,459452,1048994,-1,1048576,-1,gzip,chunked,"",text/html; charset=utf-8,text/html
https://www.netsabe.com.br/araujo-eleni-m,CC-MAIN-20181015080248-20181015101748-00033.warc.gz,1035048018,459447,1048996,-1,1048576,-1,gzip,chunked,"",text/html; charset=utf-8,text/html
https://www.netsabe.com.br/carlstron-maria-m-f_1,CC-MAIN-20181015080248-20181015101748-00033.warc.gz,1035508275,459456,1048996,-1,1048576,-1,gzip,chunked,"",text/html; charset=utf-8,text/html
https://www.pinterest.com/bolzonirovigo/,CC-MAIN-20181015080248-20181015101748-00033.warc.gz,1053765197,190872,1050667,-1,1048576,-1,gzip,chunked,"",text/html; charset=utf-8,text/html
https://www.pinterest.com/ezmodfurniture/,CC-MAIN-20181015080248-20181015101748-00033.warc.gz,1053956780,220640,1050667,-1,1048576,-1,gzip,chunked,"",text/html; charset=utf-8,text/html
https://www.pinterest.de/kedainiaiurlauber/,CC-MAIN-20181015080248-20181015101748-00033.warc.gz,1054962463,211816,1050621,-1,1048576,-1,gzip,chunked,"",text/html; charset=utf-8,text/html
https://www.pinterest.de/tattookantz/,CC-MAIN-20181015080248-20181015101748-00033.warc.gz,1055504208,194475,1050621,-1,1048576,-1,gzip,chunked,"",text/html; charset=utf-8,text/html
https://www.pinterest.fr/aureliebchl/,CC-MAIN-20181015080248-20181015101748-00033.warc.gz,1055921907,225096,1050621,-1,1048576,-1,gzip,chunked,"",text/html; charset=utf-8,text/html
https://www.pinterest.it/scorina949/,CC-MAIN-20181015080248-20181015101748-00033.warc.gz,1056590081,210284,1050621,-1,1048576,-1,gzip,chunked,"",text/html; charset=utf-8,text/html
https://www.pinterest.it/sstefaniasuccit/,CC-MAIN-20181015080248-20181015101748-00033.warc.gz,1056801070,192148,1050621,-1,1048576,-1,gzip,chunked,"",text/html; charset=utf-8,text/html
https://www.saraiva.com.br/call-of-the-devil-1341014.html,CC-MAIN-20181015080248-20181015101748-00033.warc.gz,1079937590,76290,1049289,-1,1048576,-1,gzip,chunked,"",text/html; charset=UTF-8,text/html
https://www.saraiva.com.br/dreamland-manor-1578231.html,CC-MAIN-20181015080248-20181015101748-00033.warc.gz,1080014744,76182,1049290,-1,1048576,-1,gzip,chunked,"",text/html; charset=UTF-8,text/html
https://www.saraiva.com.br/writing-literary-features-6383161.html,CC-MAIN-20181015080248-20181015101748-00033.warc.gz,1080176683,76463,1049290,-1,1048576,-1,gzip,chunked,"",text/html; charset=UTF-8,text/html
https://www.semanticscholar.org/author/Y.-Huang/1699408,CC-MAIN-20181015080248-20181015101748-00033.warc.gz,1083365132,177884,1049045,-1,1048576,-1,gzip,chunked,"",text/html; charset=utf-8,text/html
https://www.sierratradingpost.com/muk-luks~b~4403/,CC-MAIN-20181015080248-20181015101748-00033.warc.gz,1088222441,70264,1050099,-1,1048576,-1,gzip,chunked,"",text/html; charset=utf-8,text/html
https://www.spreadshirt.com/magnolia+heart+coffeetea+mug-D1008160958?sellable=105871105,CC-MAIN-20181015080248-20181015101748-00033.warc.gz,1097396421,140804,1051131,1048576,1048576,146206,gzip,"","",text/html;charset=utf-8,text/html
https://www.spreadshirt.nl/i+have+a+shoe+fetish+vrouwen+premium+t-shirt-D15738433,CC-MAIN-20181015080248-20181015101748-00033.warc.gz,1097722387,137136,1051126,1048576,1048576,155521,gzip,"","",text/html;charset=utf-8,text/html
https://www.tradekorea.com/product/detail/P708202/53895/pudding-plush-toy.html?minisiteprodgroupno=53895,CC-MAIN-20181015080248-20181015101748-00033.warc.gz,1118120165,15558,1049243,-1,1048576,-1,gzip,chunked,"",text/html; charset=utf-8,text/html
https://www.tripadvisor.ca/Attraction_Review-g60890-d286021-Reviews-Central_Square-Cambridge_Massachusetts.html,CC-MAIN-20181015080248-20181015101748-00033.warc.gz,1120087274,220936,1052857,1048576,1048576,229032,gzip,"","",text/html;charset=UTF-8,text/html
https://www.tripadvisor.ca/ShowUserReviews-g261678-d1553980-r419026575-Peppers_Noosa_Resort_and_Villas-Noosa_Sunshine_Coast_Queensland.html,CC-MAIN-20181015080248-20181015101748-00033.warc.gz,1120419389,211475,1052773,1048576,1048576,225208,gzip,"","",text/html;charset=UTF-8,text/html
https://www.tripadvisor.co.id/Attraction_Review-g293986-d3165340-Reviews-Strikers_Entertainment_Center-Amman_Amman_Governorate.html,CC-MAIN-20181015080248-20181015101748-00033.warc.gz,1121089236,219907,1052928,1048576,1048576,223509,gzip,"","",text/html;charset=UTF-8,text/html
https://www.tripadvisor.co.il/Hotels-g580202-zff3-Minori_Amalfi_Coast_Campania-Hotels.html,CC-MAIN-20181015080248-20181015101748-00033.warc.gz,1121520750,201844,1051213,1048576,1048576,332495,gzip,"","",text/html;charset=UTF-8,text/html
https://www.tripadvisor.co.kr/Hotel_Review-g190736-d6925733-Reviews-The_Halston_Aparthotel-Carlisle_Cumbria_England.html,CC-MAIN-20181015080248-20181015101748-00033.warc.gz,1121723619,195131,1051296,1048576,1048576,242179,gzip,"","",text/html;charset=UTF-8,text/html
https://www.tripadvisor.co.za/HotelsList-Exeter-Quiet-Hotels-zfp11509757.html,CC-MAIN-20181015080248-20181015101748-00033.warc.gz,1121919696,179559,1051158,1048576,1048576,284048,gzip,"","",text/html;charset=UTF-8,text/html
https://www.tripadvisor.co/Hotel_Review-g294217-d2016610-Reviews-The_Ritz_Carlton_Hong_Kong-Hong_Kong.html,CC-MAIN-20181015080248-20181015101748-00033.warc.gz,1122539789,184743,1051211,-1,1048576,-1,gzip,chunked,"",text/html;charset=UTF-8,text/html
https://www.tripadvisor.com.ar/Hotel_Review-g194737-d2348496-Reviews-Nuovo_Albergo-Chieti_Province_of_Chieti_Abruzzo.html,CC-MAIN-20181015080248-20181015101748-00033.warc.gz,1123258666,201867,1051316,1048576,1048576,253359,gzip,"","",text/html;charset=UTF-8,text/html
https://www.tripadvisor.com.ar/Hotel_Review-g40947-d225687-Reviews-Holiday_Inn_Express_Suites_Waterville_North-Waterville_Maine.html,CC-MAIN-20181015080248-20181015101748-00033.warc.gz,1123461552,193193,1051325,1048576,1048576,255445,gzip,"","",text/html;charset=UTF-8,text/html
https://www.tripadvisor.com.ar/Hotels-g54359-zfb9228-Myrtle_Beach_South_Carolina-Hotels.html,CC-MAIN-20181015080248-20181015101748-00033.warc.gz,1123655712,180426,1051227,1048576,1048576,284356,gzip,"","",text/html;charset=UTF-8,text/html
https://www.tripadvisor.com.ar/Hotels-g652101-zff13-Conil_de_la_Frontera_Costa_de_la_Luz_Andalucia-Hotels.html,CC-MAIN-20181015080248-20181015101748-00033.warc.gz,1123837101,199301,1051280,1048576,1048576,335893,gzip,"","",text/html;charset=UTF-8,text/html
https://www.tripadvisor.com.ar/HotelsNear-g312659-d8682420-Topnotch_Tours_Day_Tours-Cape_Town_Central_Western_Cape.html,CC-MAIN-20181015080248-20181015101748-00033.warc.gz,1124037343,177276,1051153,1048576,1048576,298001,gzip,"","",text/html;charset=UTF-8,text/html
https://www.tripadvisor.com.ar/HotelsNear-g31281-d2287447-Mesa_Arts_Center-Mesa_Arizona.html,CC-MAIN-20181015080248-20181015101748-00033.warc.gz,1124215549,173422,1051210,1048576,1048576,295655,gzip,"","",text/html;charset=UTF-8,text/html
https://www.tripadvisor.com.ar/HotelsNear-g31310-d104038-oa60-Phoenix_Art_Museum-Phoenix_Arizona.html,CC-MAIN-20181015080248-20181015101748-00033.warc.gz,1124389923,175367,1051229,1048576,1048576,300801,gzip,"","",text/html;charset=UTF-8,text/html
https://www.tripadvisor.com.ar/HotelsNear-g40652-d10415998-University_of_Southern_Maine_Art_Gallery_Gorham_campus-Gorham_Maine.html,CC-MAIN-20181015080248-20181015101748-00033.warc.gz,1124566235,174885,1051282,1048576,1048576,291862,gzip,"","",text/html;charset=UTF-8,text/html
https://www.tripadvisor.com.ar/SmartDeals-g198567-Bad_Worishofen_Swabia_Bavaria-Hotel-Deals.html,CC-MAIN-20181015080248-20181015101748-00033.warc.gz,1125059341,184887,1052831,1048576,1048576,235672,gzip,"","",text/html;charset=UTF-8,text/html
https://www.tripadvisor.com.au/Hotel_Review-g297952-d1541009-Reviews-Corail_Club_SARL-Port_El_Kantaoui_Sousse_Governorate.html,CC-MAIN-20181015080248-20181015101748-00033.warc.gz,1125430475,203270,1051318,1048576,1048576,225704,gzip,"","",text/html;charset=UTF-8,text/html
https://www.tripadvisor.com.br/Attraction_Review-g198481-d9712698-Reviews-St_Bartholomew_s_Church-Schoenau_am_Koenigssee_Upper_Bavaria_Bavaria.html,CC-MAIN-20181015080248-20181015101748-00033.warc.gz,1126094190,222629,1052983,1048576,1048576,224126,gzip,"","",text/html;charset=UTF-8,text/html
https://www.tripadvisor.com.eg/Hotel_Review-g186240-d2263280-Reviews-Treventon_Guest_House-Penzance_Cornwall_England.html,CC-MAIN-20181015080248-20181015101748-00033.warc.gz,1126717084,196211,1051299,1048576,1048576,240171,gzip,"","",text/html;charset=UTF-8,text/html
https://www.tripadvisor.com.eg/Hotel_Review-g186306-d7004502-Reviews-Premier_Inn_St_Albans_City_Centre_Hotel-St_Albans_Hertfordshire_England.html,CC-MAIN-20181015080248-20181015101748-00033.warc.gz,1126914326,194631,1051345,1048576,1048576,243249,gzip,"","",text/html;charset=UTF-8,text/html
https://www.tripadvisor.com.eg/Hotel_Review-g660732-d2070604-Reviews-Fenghua_Pacific_Grand_Hotel-Fenghua_Zhejiang.html,CC-MAIN-20181015080248-20181015101748-00033.warc.gz,1127109980,199996,1051274,1048576,1048576,236929,gzip,"","",text/html;charset=UTF-8,text/html
https://www.tripadvisor.com.eg/Hotels-g644400-zff3-Maragogi_State_of_Alagoas-Hotels.html,CC-MAIN-20181015080248-20181015101748-00033.warc.gz,1127310961,183375,1051198,1048576,1048576,298998,gzip,"","",text/html;charset=UTF-8,text/html
https://www.tripadvisor.com.eg/HotelsNear-g55711-d12492047-Hamilton_Park-Dallas_Texas.html,CC-MAIN-20181015080248-20181015101748-00033.warc.gz,1127495313,174952,1051097,1048576,1048576,303939,gzip,"","",text/html;charset=UTF-8,text/html
https://www.tripadvisor.com.hk/Attraction_Review-g551795-d1170692-Reviews-Highland_Safaris-Aberfeldy_Perth_and_Kinross_Scotland.html,CC-MAIN-20181015080248-20181015101748-00033.warc.gz,1128311765,212150,1052947,1048576,1048576,232740,gzip,"","",text/html;charset=UTF-8,text/html
https://www.tripadvisor.com.tw/Hotel_Review-g186332-d1024214-Reviews-Surrey_House_Hotel-Blackpool_Lancashire_England.html,CC-MAIN-20181015080248-20181015101748-00033.warc.gz,1128804795,198149,1051301,1048576,1048576,238980,gzip,"","",text/html;charset=UTF-8,text/html
https://www.tripadvisor.com/Hotels-g312799-zfc3-Gualeguaychu_Province_of_Entre_Rios_Litoral-Hotels.html,CC-MAIN-20181015080248-20181015101748-00033.warc.gz,1129263593,211540,1051197,1048576,1048576,232107,gzip,"","",text/html;charset=UTF-8,text/html
https://www.tripadvisor.com/HotelsList-Kandersteg-Budget-Hotels-zfp11419670.html,CC-MAIN-20181015080248-20181015101748-00033.warc.gz,1129476043,211873,1051104,1048576,1048576,244089,gzip,"","",text/html;charset=UTF-8,text/html
https://www.tripadvisor.cz/Hotel_Review-g662890-d1422404-Reviews-Hotel_El_Sella-Cangas_de_Onis_Asturias.html,CC-MAIN-20181015080248-20181015101748-00033.warc.gz,1130263089,195181,1051234,1048576,1048576,245456,gzip,"","",text/html;charset=UTF-8,text/html
https://www.tripadvisor.dk/Hotel_Review-g2104408-d594693-Reviews-or620-Cinnamon_Dhonveli_Maldives-Farukolhufushi_Island.html,CC-MAIN-20181015080248-20181015101748-00033.warc.gz,1131240559,195066,1051262,1048576,1048576,246951,gzip,"","",text/html;charset=UTF-8,text/html
https://www.tripadvisor.dk/Hotel_Review-g312774-d1907900-Reviews-Santa_Cecilia_Resort_Spa-Villa_Carlos_Paz_Province_of_Cordoba_Central_Argentina.html,CC-MAIN-20181015080248-20181015101748-00033.warc.gz,1131436626,195253,1051320,1048576,1048576,238927,gzip,"","",text/html;charset=UTF-8,text/html
https://www.tripadvisor.dk/Hotel_Review-g499444-d1396119-Reviews-Hotel_Ibarra-Tepic_Pacific_Coast.html,CC-MAIN-20181015080248-20181015101748-00033.warc.gz,1131632861,198977,1051219,1048576,1048576,234874,gzip,"","",text/html;charset=UTF-8,text/html
https://www.tripadvisor.dk/Hotels-g49181-zff7-Greenville_North_Carolina-Hotels.html,CC-MAIN-20181015080248-20181015101748-00033.warc.gz,1131832776,207416,1051156,1048576,1048576,365457,gzip,"","",text/html;charset=UTF-8,text/html
https://www.tripadvisor.dk/HotelsList-Kusadasi-Cheap-Hotels-zfp13016535.html,CC-MAIN-20181015080248-20181015101748-00033.warc.gz,1132041114,184426,1050994,1048576,1048576,268523,gzip,"","",text/html;charset=UTF-8,text/html
https://www.tripadvisor.dk/HotelsList-San_Antonio-Honeymoon-Hotels-zfp12735326.html,CC-MAIN-20181015080248-20181015101748-00033.warc.gz,1132226501,174738,1051010,1048576,1048576,290704,gzip,"","",text/html;charset=UTF-8,text/html
https://www.tripadvisor.dk/HotelsNear-g1054675-d5927283-oa90-Malindi_Caffe-Fossano_Province_of_Cuneo_Piedmont.html,CC-MAIN-20181015080248-20181015101748-00033.warc.gz,1132402185,179128,1051203,1048576,1048576,293384,gzip,"","",text/html;charset=UTF-8,text/html
https://www.tripadvisor.dk/HotelsNear-g36382-d2336041-TaxSlayer_Center-Moline_Illinois.html,CC-MAIN-20181015080248-20181015101748-00033.warc.gz,1132582242,174970,1051154,1048576,1048576,295701,gzip,"","",text/html;charset=UTF-8,text/html
https://www.tripadvisor.dk/HotelsNear-g43466-d280026-Plummer_House-Rochester_Minnesota.html,CC-MAIN-20181015080248-20181015101748-00033.warc.gz,1132758155,176915,1051163,1048576,1048576,299326,gzip,"","",text/html;charset=UTF-8,text/html
https://www.tripadvisor.dk/HotelsNear-g504049-d3343085-Treacle_Wool_Shop-Morpeth_Northumberland_England.html,CC-MAIN-20181015080248-20181015101748-00033.warc.gz,1132935998,178077,1051188,1048576,1048576,290878,gzip,"","",text/html;charset=UTF-8,text/html
https://www.tripadvisor.es/Hotel_Review-g255349-d1773866-Reviews-High_Street_Motel-Echuca_Victoria.html,CC-MAIN-20181015080248-20181015101748-00033.warc.gz,1133415360,193497,1051222,1048576,1048576,245351,gzip,"","",text/html;charset=UTF-8,text/html
https://www.tripadvisor.es/Hotels-g147387-zff4-Trinidad_and_Tobago-Hotels.html,CC-MAIN-20181015080248-20181015101748-00033.warc.gz,1133609791,212686,1051128,1048576,1048576,381916,gzip,"","",text/html;charset=UTF-8,text/html
https://www.tripadvisor.fr/Hotel_Review-g261609-d657988-Reviews-Coogee_Bay_Hotel_Pub_Style-Coogee_Randwick_Greater_Sydney_New_South_Wales.html,CC-MAIN-20181015080248-20181015101748-00033.warc.gz,1134474308,197445,1051301,1048576,1048576,245313,gzip,"","",text/html;charset=UTF-8,text/html
https://www.tripadvisor.fr/Hotels-g309274-zff3-Manuel_Antonio_Province_of_Puntarenas-Hotels.html,CC-MAIN-20181015080248-20181015101748-00033.warc.gz,1134672760,210395,1051184,1048576,1048576,362473,gzip,"","",text/html;charset=UTF-8,text/html
https://www.tripadvisor.fr/HotelsNear-g274887-d9572160-Deli_palyaudvar-Budapest_Central_Hungary.html,CC-MAIN-20181015080248-20181015101748-00033.warc.gz,1134884145,179203,1051065,1048576,1048576,298702,gzip,"","",text/html;charset=UTF-8,text/html
https://www.tripadvisor.ie/Hotels-g293817-zfa3-Port_Louis-Hotels.html,CC-MAIN-20181015080248-20181015101748-00033.warc.gz,1135270994,213483,1051126,1048576,1048576,373224,gzip,"","",text/html;charset=UTF-8,text/html
https://www.tripadvisor.in/Attraction_Review-g298559-d5115867-Reviews-ShengLiHe_MeiShiJie-Hangzhou_Zhejiang.html,CC-MAIN-20181015080248-20181015101748-00033.warc.gz,1135699310,220744,1052860,1048576,1048576,222773,gzip,"","",text/html;charset=UTF-8,text/html
https://www.tripadvisor.in/Hotel_Review-g1861858-d550204-Reviews-Warner_Holme_Lacy_House_Hotel-Holme_Lacy_Herefordshire_England.html,CC-MAIN-20181015080248-20181015101748-00033.warc.gz,1135984390,191130,1051269,1048576,1048576,248544,gzip,"","",text/html;charset=UTF-8,text/html
https://www.tripadvisor.in/Hotel_Review-g189487-d253531-Reviews-Hotel_Pelops-Olympia_Elis_Region_West_Greece.html,CC-MAIN-20181015080248-20181015101748-00033.warc.gz,1136176500,186719,1051246,1048576,1048576,250759,gzip,"","",text/html;charset=UTF-8,text/html
https://www.tripadvisor.in/Hotel_Review-g304551-d2145938-Reviews-The_Ashtan_Sarovar_Portico-New_Delhi_National_Capital_Territory_of_Delhi.html,CC-MAIN-20181015080248-20181015101748-00033.warc.gz,1136364214,186154,1051310,1048576,1048576,274856,gzip,"","",text/html;charset=UTF-8,text/html
https://www.tripadvisor.in/Hotels-g48245-zff7-New_Paltz_New_York-Hotels.html,CC-MAIN-20181015080248-20181015101748-00033.warc.gz,1136551338,213764,1051129,1048576,1048576,375459,gzip,"","",text/html;charset=UTF-8,text/html
https://www.tripadvisor.in/HotelsNear-g34227-d5037075-oa120-Bliss-Fort_Lauderdale_Broward_County_Florida.html,CC-MAIN-20181015080248-20181015101748-00033.warc.gz,1136766058,177681,1051199,1048576,1048576,307297,gzip,"","",text/html;charset=UTF-8,text/html
https://www.tripadvisor.in/LastMinute-g196579-Nanterre_La_Defense_Hauts_de_Seine_Ile_de_France-Hotels.html,CC-MAIN-20181015080248-20181015101748-00033.warc.gz,1136944717,207564,1051212,1048576,1048576,210281,gzip,"","",text/html;charset=UTF-8,text/html
https://www.tripadvisor.it/Hotels-g154958-Moncton_New_Brunswick-Hotels.html,CC-MAIN-20181015080248-20181015101748-00033.warc.gz,1137842456,211290,1051128,1048576,1048576,378601,gzip,"","",text/html;charset=UTF-8,text/html
https://www.tripadvisor.jp/Hotel_Review-g298298-d2515393-Reviews-Chariton_Hotel_Ipoh-Ipoh_Kinta_District_Perak.html,CC-MAIN-20181015080248-20181015101748-00033.warc.gz,1139116186,196327,1051231,1048576,1048576,246548,gzip,"","",text/html;charset=UTF-8,text/html
https://www.tripadvisor.jp/ShowUserReviews-g60950-d75235-r260584412-Homewood_Suites_by_Hilton_Tucson_St_Philip_s_Plaza_University-Tucson_Arizona.html,CC-MAIN-20181015080248-20181015101748-00033.warc.gz,1139380454,205722,1052787,1048576,1048576,208164,gzip,"","",text/html;charset=UTF-8,text/html
https://www.tripadvisor.nl/Attraction_Review-g194861-d6921301-Reviews-Rent_Boats_Bagnaia-Portoferraio_Elba_Island_Province_of_Livorno_Tuscany.html,CC-MAIN-20181015080248-20181015101748-00033.warc.gz,1139803016,220866,1052945,1048576,1048576,224633,gzip,"","",text/html;charset=UTF-8,text/html
https://www.tripadvisor.nl/Hotels-g60920-zfa9-Macon_Georgia-Hotels.html,CC-MAIN-20181015080248-20181015101748-00033.warc.gz,1140129984,212806,1051135,1048576,1048576,381588,gzip,"","",text/html;charset=UTF-8,text/html
https://www.tripadvisor.nl/HotelsNear-g1028919-d9581460-Chiesa_di_San_Nicola_di_Bari-Rivisondoli_Province_of_L_Aquila_Abruzzo.html,CC-MAIN-20181015080248-20181015101748-00033.warc.gz,1140343776,176168,1051245,1048576,1048576,280475,gzip,"","",text/html;charset=UTF-8,text/html
https://www.tripadvisor.nl/SmartDeals-g53227-Montgomery_Pennsylvania-Hotel-Deals.html,CC-MAIN-20181015080248-20181015101748-00033.warc.gz,1140647053,183394,1052769,1048576,1048576,265094,gzip,"","",text/html;charset=UTF-8,text/html
https://www.tripadvisor.ru/Hotel_Review-g187147-d608193-Reviews-Hotel_Mistral-Paris_Ile_de_France.html,CC-MAIN-20181015080248-20181015101748-00033.warc.gz,1140953464,188289,1051218,1048576,1048576,260706,gzip,"","",text/html;charset=UTF-8,text/html
https://www.tripadvisor.ru/Hotels-g1081507-c2-Herstal_Liege_Province_The_Ardennes_Wallonia-Hotels.html,CC-MAIN-20181015080248-20181015101748-00033.warc.gz,1141142743,188646,1051209,1048576,1048576,296092,gzip,"","",text/html;charset=UTF-8,text/html
https://www.tripadvisor.ru/Hotels-g2628852-zfb9323-Eastern_Province-Hotels.html,CC-MAIN-20181015080248-20181015101748-00033.warc.gz,1141332327,184827,1051139,1048576,1048576,304580,gzip,"","",text/html;charset=UTF-8,text/html
https://www.tripadvisor.ru/Hotels-g53755-zff4-State_College_Pennsylvania-Hotels.html,CC-MAIN-20181015080248-20181015101748-00033.warc.gz,1141518121,211142,1051133,1048576,1048576,385187,gzip,"","",text/html;charset=UTF-8,text/html
https://www.tripadvisor.ru/ShowUserReviews-g679018-d302883-r584111416-Neemrana_Fort_Palace-Alwar_Alwar_District_Rajasthan.html,CC-MAIN-20181015080248-20181015101748-00033.warc.gz,1142036260,214860,1052729,1048576,1048576,227396,gzip,"","",text/html;charset=UTF-8,text/html
https://www.tripadvisor.se/Hotel_Review-g293916-d3169141-Reviews-Riva_Surya_Bangkok-Bangkok.html,CC-MAIN-20181015080248-20181015101748-00033.warc.gz,1142337480,188509,1051202,1048576,1048576,253016,gzip,"","",text/html;charset=UTF-8,text/html
https://www.tripexpert.com/sydney/restaurants,CC-MAIN-20181015080248-20181015101748-00033.warc.gz,1142743386,120556,1049882,-1,1048576,-1,gzip,chunked,"",text/html; charset=utf-8,text/html
https://www.tsum.ru/catalog/tufli-4086/?brand=1964618&color=1202820&size=42,CC-MAIN-20181015080248-20181015101748-00033.warc.gz,1143745465,96075,1048917,-1,1048576,-1,gzip,chunked,"",text/html; charset=utf-8,text/html
https://www.twilighttimemovies.com/actors-directors/katharine-houghton/,CC-MAIN-20181015080248-20181015101748-00033.warc.gz,1145214463,68270,1049529,-1,1048576,-1,gzip,chunked,"",text/html; charset=utf-8,text/html
https://www.underarmour.com/en-us/mens/white/g/39jvkml1,CC-MAIN-20181015080248-20181015101748-00033.warc.gz,1146696246,100532,1053603,-1,1048576,-1,gzip,chunked,"",text/html; charset=utf-8,text/html
https://www.westfield.co.nz/manukau/browse-stores/food-and-drink/takeaway,CC-MAIN-20181015080248-20181015101748-00033.warc.gz,1157548655,54461,1049161,-1,1048576,-1,gzip,chunked,"",text/html; charset=utf-8,text/html
